,train,val,test
0,C3N-01488-27,C3N-02922-27,C3L-02665-26
1,C3N-01023-26,C3L-05399-26,C3L-02164-27
2,C3L-03969-26,C3N-03038-24,C3L-04378-28
3,C3L-01924-28,C3N-02672-28,C3N-01025-26
4,C3N-01021-27,C3L-04792-27,C3L-04873-26
5,C3L-02549-26,C3N-00167-26,C3L-04014-27
6,C3L-01924-27,C3N-01018-27,C3N-02146-26
7,C3N-02423-23,C3L-04887-27,C3L-04863-26
8,C3L-02508-24,C3L-02643-27,C3L-03982-26
9,C3N-01016-27,C3L-04872-26,C3L-02619-27
10,C3L-02508-26,C3N-02144-26,C3L-01838-26
11,C3N-01016-26,C3L-03976-28,C3L-02643-26
12,C3N-00959-26,C3L-04216-28,C3L-04861-27
13,C3N-00959-27,C3L-05427-26,C3N-05929-25
14,C3L-03717-22,C3L-03982-27,C3N-02828-27
15,C3L-02365-22,C3N-02149-26,C3L-05145-26
16,C3L-03721-22,C3L-02365-23,C3L-00412-26
17,C3L-03726-26,C3L-04781-26,C3L-04037-26
18,C3L-02350-26,C3L-04873-28,C3L-04916-28
19,C3L-02348-26,C3L-00444-27,C3N-03233-26
20,C3N-00217-26,C3L-04336-27,C3N-01028-27
21,C3N-00217-27,C3N-02087-27,C3N-00199-27
22,C3N-01019-27,C3L-04037-27,C3N-03092-27
23,C3N-02422-23,C3N-03073-23,C3L-02170-25
24,C3N-02421-23,C3N-02158-27,C3L-02650-30
25,C3N-02380-23,C3L-03984-28,C3N-03441-29
26,C3N-01022-27,C3L-00965-26,C3N-01842-26
27,C3N-02379-23,C3L-05393-28,C3L-06169-28
28,C3L-04757-26,C3L-04866-28,C3L-02164-26
29,C3N-00203-26,C3L-02619-28,C3N-03092-26
30,C3L-04757-28,C3L-04880-28,C3L-03963-26
31,C3N-00203-27,C3L-02654-28,C3N-02144-27
32,C3L-04757-27,C3N-02192-27,C3N-00579-26
33,C3N-00199-26,C3N-01413-26,C3N-03886-26
34,C3L-04759-26,C3L-02649-30,C3N-02230-27
35,C3L-04759-27,C3L-04031-28,C3N-00211-27
36,C3L-02129-22,C3N-02923-27,C3L-03963-27
37,C3L-02165-24,C3N-04170-26,C3L-04379-26
38,C3N-00180-26,C3N-00560-27,C3L-00263-26
39,C3N-00180-27,C3L-00965-27,C3L-00279-24
40,C3N-03851-23,C3L-02834-25,C3N-01892-30
41,C3L-04858-28,C3L-05020-27,C3N-03210-23
42,C3L-02669-28,C3L-02165-25,C3N-02289-29
43,C3L-04888-26,C3N-02282-30,C3N-02087-26
44,C3L-04868-28,C3L-02661-27,C3N-01022-26
45,C3N-01194-25,C3N-03420-29,C3N-00579-27
46,C3L-02646-26,C3L-02508-25,C3N-02675-27
47,C3L-03961-28,C3L-00081-26,C3N-00555-26
48,C3N-00497-25,C3L-02629-27,C3N-01405-27
49,C3N-03076-23,C3L-01606-26,C3N-02088-26
50,C3L-04916-26,C3N-01018-26,C3L-02345-26
51,C3L-05427-27,C3L-01682-22,C3N-00545-27
52,C3L-05417-27,C3N-04701-29,C3N-02143-27
53,C3L-05420-27,C3N-02529-23,C3N-02688-30
54,C3L-05393-26,C3N-01846-26,C3L-04749-26
55,C3L-02969-26,C3L-00094-26,C3N-02575-23
56,C3L-04014-28,C3N-02764-21,C3L-04878-26
57,C3L-04871-28,C3N-00546-27,C3N-03074-23
58,C3L-04079-23,C3N-02149-27,C3N-02283-30
59,C3L-02951-26,C3L-05428-27,C3N-03425-29
60,C3L-05221-28,C3L-04887-26,C3L-05392-26
61,C3L-06169-26,C3N-02237-26,C3L-02968-26
62,C3L-04781-28,C3L-04071-24,C3N-02828-26
63,C3L-04889-27,C3L-03726-24,C3L-02616-26
64,C3L-03272-26,C3L-02661-26,C3L-03726-25
65,C3L-02163-25,C3L-04872-27,C3L-00446-26
66,C3L-04861-28,C3L-01884-26,C3N-00737-27
67,C3L-04868-27,C3L-04880-26,C3N-03072-23
68,C3L-05395-28,C3N-03662-26,C3L-01455-26
69,C3L-02660-26,C3N-02285-30,C3N-03080-23
70,C3L-04792-28,C3N-01415-27,C3N-03875-25
71,C3L-02650-29,C3L-03463-26,C3L-02619-26
72,C3L-04921-27,C3L-06169-27,C3N-01030-26
73,C3N-00247-28,C3L-02219-26,C3N-02424-23
74,C3L-05420-28,C3N-02922-26,C3L-04912-27
75,C3L-03963-28,C3L-05172-26,C3N-01024-27
76,C3L-04391-26,TCGA-44-5645-01Z-00-DX1.8b0d89d7-7849-49a6-a2f5-a8faf2c5aab4,C3N-02757-22
77,C3L-03987-28,C3N-00167-24,C3N-00293-24
78,C3L-02169-25,C3N-02088-23,TCGA-86-7701-01Z-00-DX1.a8a6e71e-9fa9-42c6-a186-0ac7526e9960
79,C3L-02163-24,C3N-03765-27,C3N-01016-24
80,C3N-00221-21,C3N-00433-24,C3N-02067-21
81,C3L-02648-26,C3N-00559-22,C3N-02920-21
82,C3L-00603-26,TCGA-97-7941-01Z-00-DX1.6845ef95-2231-44a2-aeae-004a117f1964,C3N-02152-21
83,C3L-04786-27,C3L-04365-24,TCGA-73-A9RS-01Z-00-DX1.EDCEFE41-61E2-48C9-B8D5-28B55372E0CA
84,C3L-04336-28,TCGA-53-7813-01Z-00-DX1.97c5eff3-ceeb-499b-b2e1-bcd3cd60c5e7,C3L-02345-23
85,C3L-02624-27,C3N-02234-21,TCGA-67-6217-01Z-00-DX1.3fa5c69b-60d1-41fb-a86f-48f77d81285f
86,C3L-05394-27,C3N-03921-23,TCGA-44-3398-01Z-00-DX1.74757c91-a0c6-4e7f-b2db-8748c68ffa44
87,C3L-04013-27,TCGA-44-3919-01Z-00-DX1.41144972-46a1-4b25-9faa-ed1b9d1996d2,C3N-00578-21
88,C3L-04856-26,TCGA-55-A492-01Z-00-DX1.31B23842-7F8B-4311-88DF-C51CB4F54AED,C3L-02365-25
89,C3L-02168-26,C3L-02365-24,C3N-00169-24
90,C3L-05397-27,TCGA-44-2664-01Z-00-DX1.35c75ae5-eee0-4e69-a13a-31b5fad9869a,C3L-03985-21
91,C3L-04873-27,C3N-01419-24,TCGA-62-A471-01Z-00-DX1.51A235BB-7F67-4C0D-8B15-2E26116D8822
92,C3N-00175-27,C3N-02928-21,C3N-02088-24
93,C3L-00445-24,C3N-03911-21,C3N-02152-24
94,C3L-00503-26,C3L-02834-22,C3N-01408-22
95,C3L-02891-26,C3L-01924-22,C3N-01413-24
96,C3N-03093-26,C3L-02219-21,C3L-01890-22
97,C3L-04786-26,C3N-01023-21,C3N-02251-26
98,C3N-02339-26,TCGA-80-5608-01Z-00-DX1.CB85BA53-AF00-4C7D-8489-C2FF0F4F49AB,C3L-00446-23
99,C3L-05369-28,C3L-03717-21,TCGA-55-5899-01Z-00-DX1.faa65b08-150c-4c74-95aa-1e8743f0152c
100,C3L-05411-27,TCGA-75-5126-01Z-00-DX1.164887F4-9986-415F-A94A-E40E92D80DA3,TCGA-78-7155-01Z-00-DX1.32258467-7550-4a1b-8df9-a869fb83e559
101,C3L-04868-26,C3L-01632-21,C3N-01408-24
102,C3L-02665-27,C3N-02158-24,TCGA-05-4397-01Z-00-DX1.00e9cdb3-b50e-439c-86b0-d7b73b802c0d
103,C3L-04216-26,C3L-00973-23,TCGA-49-6742-01Z-00-DX4.a11201e1-9eeb-40ea-9c88-28de847ef7d8
104,C3L-02624-26,TCGA-49-6743-01Z-00-DX1.ddae5601-6ffa-4a70-8755-8645d5e45135,TCGA-J2-8192-01Z-00-DX1.A784F381-7906-480F-99A1-0B88005953A0
105,C3L-00415-26,C3N-03038-22,TCGA-49-AAR2-01Z-00-DX1.1F09F896-446E-4C55-8D01-6C34A98AB1D2
106,C3L-01455-24,TCGA-67-6216-01Z-00-DX1.04da6a64-bd3a-48ed-bc99-d651e00a1aa4,TCGA-49-AARQ-01Z-00-DX1.3FA36419-1658-4602-9170-84A622787C3E
107,C3L-03965-27,C3L-03969-25,TCGA-MN-A4N4-01Z-00-DX1.7D8352EF-7A4B-4084-9612-CF92D9D16041
108,C3N-00175-26,C3L-04037-25,C3L-04757-25
109,C3L-05422-26,C3N-02926-21,C3N-02237-22
110,C3L-04863-27,TCGA-55-6986-01Z-00-DX1.ae52d41e-3cd6-4d36-b04b-2ea7d29bd8da,C3N-01823-22
111,C3N-01768-30,C3N-01414-22,C3L-02165-21
112,C3L-04883-27,C3N-04180-21,TCGA-55-8087-01Z-00-DX1.548f2800-8caf-4c0e-a7b5-6d3d28315d9c
113,C3L-02130-26,C3L-00279-21,C3N-00959-21
114,C3L-05392-27,C3N-00167-22,TCGA-55-8097-01Z-00-DX1.2f847b65-a5dc-41be-9dd0-a1e11df3cd10
115,C3L-05411-28,TCGA-49-AARR-01Z-00-DX1.9BCAFE3D-447C-40D6-85DD-AFABF6978376,C3L-00422-22
116,C3L-05397-26,C3L-00510-23,C3N-01074-24
117,C3N-00169-27,C3L-02515-21,TCGA-49-4512-01Z-00-DX8.c54237a3-93f4-432f-90f1-b930b7341741
118,C3L-05395-27,C3N-03921-21,C3N-02422-22
119,C3L-04378-26,TCGA-55-8206-01Z-00-DX1.1216f330-c4e9-41b5-a2b7-9cafd960fa11,C3L-02654-23
120,C3L-05394-28,C3N-02433-22,C3N-02193-24
121,C3N-03093-25,TCGA-MP-A4SW-01Z-00-DX1.A6651B25-A35A-4BDE-9EBF-D264A02003C8,C3N-00560-21
122,C3L-04804-26,TCGA-MP-A4TC-01Z-00-DX1.C7DB4A7F-F6B8-4FA0-84C1-9B87D41C7749,C3L-04033-22
123,C3L-02552-26,C3N-03038-21,C3N-03054-21
124,C3N-00169-26,C3N-02142-21,TCGA-L9-A444-01Z-00-DX1.88CF6F01-0C1F-4572-81E3-1A5790692861
125,C3L-04334-27,TCGA-78-7145-01Z-00-DX1.ecde66bf-2de8-4e31-b3ab-4fed4f055dda,C3N-00560-22
126,C3L-03982-28,C3N-01024-24,TCGA-97-7552-01Z-00-DX1.a5ab8959-ff7a-4287-b014-87439957fb67
127,C3L-05693-26,TCGA-55-8505-01Z-00-DX1.D364C30D-BFB8-486B-A0D3-948FF8E90C3E,TCGA-55-7816-01Z-00-DX1.A58C6196-E1A0-48B3-9B77-2EDCD7A43CBA
128,C3L-02669-26,TCGA-80-5611-01Z-00-DX1.31920706-8AF4-46D2-B1D4-7DD5AF4AAC77,TCGA-73-7498-01Z-00-DX1.5313bba9-7f6a-49b4-8d6e-a0f46a04f189
129,C3N-05629-26,C3L-03976-25,TCGA-86-6562-01Z-00-DX1.5dea3015-e606-4837-9f99-ac14f0aa091b
130,C3L-04746-26,C3N-01022-24,C3L-01924-23
131,C3L-04746-28,TCGA-MN-A4N4-01Z-00-DX2.9550732D-8FB1-43D9-B094-7C0CD310E9C0,TCGA-44-8119-01Z-00-DX1.1EBEBFA7-22DB-4365-9DF8-C4E679C11312
132,C3N-03880-23,TCGA-86-7955-01Z-00-DX1.ef4f4d94-5efb-4a07-97cf-b0ed69085827,C3N-02923-22
133,C3L-04858-27,C3L-03268-23,TCGA-78-7163-01Z-00-DX1.42880bdf-271d-41dd-aada-e7ec1156ff31
134,C3N-05078-25,C3N-01016-21,TCGA-44-7659-01Z-00-DX1.818bf5b3-b4c1-4d23-a6ae-98d5015eb8c1
135,C3L-00503-25,C3N-03929-21,TCGA-05-5425-01Z-00-DX1.85865B2F-4888-43DD-A501-458BEFCF832B
136,C3N-04124-23,C3L-02129-24,TCGA-55-A4DG-01Z-00-DX1.9CE9B7BE-48EF-44F1-9C25-F15700A3E5DE
137,C3L-02625-27,TCGA-86-8669-01Z-00-DX1.845b8b4e-6445-4da1-8275-42b765c024cc,C3N-00552-22
138,C3N-05630-26,C3N-04168-22,TCGA-MN-A4N1-01Z-00-DX2.9B0852C4-16BF-4962-B86F-E2570E48A89E
139,C3L-04367-28,TCGA-99-8033-01Z-00-DX1.06f8ca81-c0a7-4ab5-b2fe-d5fc6671e29d,TCGA-55-7911-01Z-00-DX1.081bc002-06ee-4218-a25f-26c0e6c4b333
140,C3L-04408-26,TCGA-75-6214-01Z-00-DX1.00424C13-65B8-4872-81EB-EE207AB3F78C,TCGA-95-7944-01Z-00-DX1.E66A3565-7B0D-412B-9C0C-81D7397E8B87
141,C3L-02618-26,C3L-00095-23,C3N-03890-23
142,C3N-05915-29,C3N-01823-23,TCGA-38-4625-01Z-00-DX1.ffdbfc1d-7a21-4e67-a54f-89597bd14a7f
143,C3L-02660-28,C3L-01683-26,C3N-02150-21
144,C3L-05428-28,C3L-02957-21,C3N-02002-22
145,C3L-03678-22,C3N-00572-21,C3N-02155-21
146,C3L-04878-27,C3N-02192-23,TCGA-49-4488-01Z-00-DX6.3ce306b2-1b00-48f7-8288-c24069037a9c
147,C3N-01411-26,C3L-03976-23,TCGA-50-5045-01Z-00-DX1.ec50bbfc-1721-4e94-ac11-9ebd843e11ba
148,C3N-00309-25,C3N-00550-23,C3L-00893-22
149,C3L-02627-26,TCGA-49-4488-01Z-00-DX3.341ea7ac-ee5f-4ad2-9d01-d81a4d2e9b13,TCGA-78-7150-01Z-00-DX1.46e6e65c-521c-49de-b106-419dc840b235
150,C3L-05411-26,C3N-02718-22,C3N-02149-24
151,C3N-02284-30,TCGA-73-4676-01Z-00-DX1.4d781bbc-a45e-4f9d-b6b6-2265282dff99,TCGA-49-4488-01Z-00-DX2.ce896a98-8b45-4606-8849-3a377b81e3de
152,C3L-02650-28,C3N-01419-23,C3N-02234-24
153,C3L-02669-27,TCGA-38-4630-01Z-00-DX1.d08d0193-c5ed-4db8-b236-1a4c3c3177b8,TCGA-MP-A4T6-01Z-00-DX1.085C4F5A-DB1B-434A-9D62-E2187D133B0A
154,C3L-03962-26,TCGA-49-4514-01Z-00-DX4.79e9e14e-72ea-4e9f-9719-d1a791cf0b43,TCGA-55-8203-01Z-00-DX1.f530d261-be19-4ff0-98d0-27b789dffb23
155,C3L-02624-28,C3N-00549-24,TCGA-55-8508-01Z-00-DX1.96B173E2-A298-4017-9AEC-113E547A3272
156,C3L-03962-27,TCGA-78-7152-01Z-00-DX1.a04f9d84-3304-402c-9c0c-f64545c14781,C3N-03890-21
157,C3L-04410-26,C3L-03262-23,C3L-02654-22
158,C3N-04167-26,TCGA-55-1595-01Z-00-DX1.6270c9cf-cd18-4fa5-b313-33350ad55f89,C3L-00446-24
159,C3L-05422-27,C3N-00580-22,TCGA-44-6779-01Z-00-DX1.40f10ad8-55f3-4043-a89b-37d33a26dd8c
160,C3L-04792-26,TCGA-L4-A4E6-01Z-00-DX1.1B537DE0-2CE3-4B90-9ED3-71F1F8747EE9,TCGA-49-4506-01Z-00-DX3.a05a3969-bbef-48d8-86de-f51c8870afd6
161,C3N-01017-26,C3N-02572-21,C3L-02345-22
162,C3L-02130-25,C3N-02144-23,TCGA-55-1594-01Z-00-DX1.bd90c500-7c0b-4c45-a3f7-2d9177384b1d
163,C3N-02435-26,C3L-00913-21,TCGA-50-5055-01Z-00-DX1.0c9d846b-89b4-4b18-a2eb-0f8d8e0a33c7
164,C3N-02288-29,C3N-02193-21,TCGA-49-AAR0-01Z-00-DX1.1635383C-0FB3-4CF9-BABC-08AC19CCE501
165,C3N-05079-28,C3L-02616-23,C3L-03726-21
166,C3L-04361-26,C3L-02661-21,C3N-01409-23
167,C3N-02494-24,C3N-01408-23,C3N-02916-22
168,C3L-02170-24,C3L-04031-21,C3N-03210-22
169,C3L-04874-27,C3L-02957-22,C3N-02142-22
170,C3L-04921-28,TCGA-44-A47G-01Z-00-DX1.810F67EC-3A0C-4056-B736-3331A11412CC,TCGA-75-5125-01Z-00-DX1.2E419CAF-E248-4959-951E-498D8054433E
171,C3L-02646-27,C3N-02529-21,TCGA-86-8668-01Z-00-DX1.d720d486-02c7-4f98-8feb-e0e50a12c158
172,C3L-00993-27,TCGA-86-8073-01Z-00-DX1.33c016fc-5c9e-4ad6-8de2-a7f8521d205c,TCGA-44-A479-01Z-00-DX1.CA5654C6-A623-452E-A8AC-DB6279CA97B1
173,C3L-02169-26,C3N-02242-22,C3N-00559-21
174,C3L-04921-26,TCGA-86-A4P7-01Z-00-DX1.37026DCF-5A81-4098-B444-C8A40CA168D0,TCGA-78-7159-01Z-00-DX1.399d865f-f4f9-4602-b15b-908be0afe459
175,C3N-03424-29,TCGA-44-6146-01Z-00-DX1.8db8c567-690e-4df3-98a9-f241b6a8d811,TCGA-44-6145-01Z-00-DX1.175ad655-b054-407d-bb22-3a4f85849488
176,C3N-00221-23,C3L-00083-21,C3L-03985-25
177,C3N-04609-26,C3N-02828-21,C3L-02954-21
178,C3N-01028-26,C3L-02169-24,TCGA-69-7980-01Z-00-DX1.8bbf8cc0-eca7-49e5-a022-c22e3e6ed6dc
179,C3L-05398-27,TCGA-55-7907-01Z-00-DX1.f5a264f5-3926-4d09-82f3-cd38d554f3db,TCGA-05-4249-01Z-00-DX1.9fce0297-cc19-4c04-872c-4466ee4024db
180,C3L-04216-27,C3N-02424-22,C3L-03984-25
181,C3L-05022-25,TCGA-55-7725-01Z-00-DX1.4d678777-63b1-4f4a-932a-7fccabf504c7,C3N-02230-24
182,C3L-04808-26,C3N-02089-21,C3L-02967-21
183,C3N-03204-23,C3N-00579-24,TCGA-50-5045-01Z-00-DX2.0FCA12EA-572E-4A7D-900D-6E200892170E
184,C3L-05393-27,TCGA-99-AA5R-01Z-00-DX1.4DE7FC30-D338-49CE-B8D9-EB0F34A3DD0B,TCGA-55-6978-01Z-00-DX1.2ef6d6aa-2a19-4bce-b845-cc83ac81a1c3
185,C3L-04409-26,C3N-03890-22,C3N-02950-21
186,C3L-04889-26,C3N-00203-24,C3N-02728-22
187,C3L-05020-28,C3L-04759-21,C3N-02144-22
188,C3N-02425-23,C3N-02089-23,C3N-02149-23
189,C3L-02629-26,C3L-00444-22,C3N-02237-21
190,C3N-02494-23,C3N-01417-23,C3N-03052-21
191,C3L-04872-28,C3L-01862-22,C3N-03225-22
192,C3L-01285-26,C3N-01405-23,C3N-02089-22
193,C3N-03762-28,TCGA-49-4505-01Z-00-DX1.d49d603e-1f76-43a1-a803-9f2d6a6df715,TCGA-73-4659-01Z-00-DX1.578400cd-d284-451b-8fdf-9f82c1458276
194,C3L-02625-26,TCGA-86-8673-01Z-00-DX1.21191041-c10e-4166-ad00-1243656feaa7,C3N-02923-23
195,C3L-01000-26,C3N-02230-21,TCGA-05-4418-01Z-00-DX1.f3863ea5-564f-482f-9878-cc104cf69401
196,C3L-04861-26,TCGA-05-4390-01Z-00-DX1.858E64DF-DD3E-4F43-B7C1-CE35B33F1C90,C3L-02169-21
197,C3L-05225-26,TCGA-44-7662-01Z-00-DX1.2f0b6cea-795a-40ad-93a9-319858e6fb3b,TCGA-49-6761-01Z-00-DX1.10c577a2-f65c-4517-8a25-83d44e380f8f
198,C3L-02649-26,,
199,C3L-00446-25,,
200,C3L-02627-28,,
201,C3L-04883-28,,
202,C3L-01663-26,,
203,C3N-02523-24,,
204,C3L-00503-24,,
205,C3N-01025-27,,
206,C3N-01893-30,,
207,C3N-01020-26,,
208,C3L-04888-28,,
209,C3L-04856-27,,
210,C3L-05423-28,,
211,C3L-05369-27,,
212,C3L-05417-26,,
213,C3L-04912-28,,
214,C3L-02358-26,,
215,C3L-05399-27,,
216,C3L-00993-26,,
217,C3L-04379-28,,
218,C3N-01411-27,,
219,C3L-04759-28,,
220,C3L-02646-28,,
221,C3L-05398-28,,
222,C3N-02494-22,,
223,C3L-04856-28,,
224,C3L-04728-22,,
225,C3N-00211-26,,
226,C3N-01768-29,,
227,C3L-02625-28,,
228,C3N-00221-22,,
229,C3L-02546-26,,
230,C3L-04378-27,,
231,C3L-05221-26,,
232,C3N-02434-27,,
233,C3L-05397-28,,
234,C3L-04404-26,,
235,C3L-04013-28,,
236,C3L-00927-26,,
237,C3N-02523-23,,
238,C3L-04858-26,,
239,C3L-04866-27,,
240,C3L-05427-28,,
241,C3L-02127-25,,
242,C3L-04749-27,,
243,C3L-04889-28,,
244,C3L-04871-26,,
245,C3N-00167-27,,
246,C3L-04402-26,,
247,C3L-05148-26,,
248,C3N-05923-29,,
249,C3L-05392-28,,
250,C3N-01020-27,,
251,C3L-04871-27,,
252,C3N-04127-23,,
253,C3N-02300-25,,
254,C3N-02426-23,,
255,C3L-02648-27,,
256,C3L-04916-27,,
257,C3L-03965-28,,
258,C3L-02168-25,,
259,C3N-04155-26,,
260,C3L-05417-28,,
261,C3L-03962-28,,
262,C3L-04922-27,,
263,C3L-05398-26,,
264,C3N-02434-26,,
265,C3L-05176-26,,
266,C3N-02375-23,,
267,C3N-03882-23,,
268,C3L-04922-26,,
269,C3L-04874-28,,
270,C3L-04854-27,,
271,C3L-04367-27,,
272,C3L-05422-28,,
273,C3L-02618-27,,
274,C3L-04014-26,,
275,C3L-02627-27,,
276,C3L-04013-26,,
277,C3L-04379-27,,
278,C3L-00445-22,,
279,C3N-00839-26,,
280,C3L-02660-27,,
281,C3L-03987-27,,
282,C3N-03877-23,,
283,C3N-04162-26,,
284,C3L-04863-28,,
285,C3L-04334-28,,
286,C3L-04912-26,,
287,C3N-01767-26,,
288,C3N-04673-29,,
289,C3L-00923-26,,
290,C3L-00568-26,,
291,C3L-04874-26,,
292,C3L-05420-26,,
293,C3L-04334-26,,
294,C3L-04071-22,,
295,C3L-05395-26,,
296,C3L-04786-28,,
297,C3N-02725-26,,
298,C3L-05394-26,,
299,C3L-04880-27,,
300,C3N-02251-28,,
301,C3L-02665-28,,
302,C3L-05399-28,,
303,C3N-00555-27,,
304,C3L-04781-27,,
305,C3L-05221-27,,
306,C3L-04922-28,,
307,C3L-02629-28,,
308,C3L-02648-29,,
309,C3L-02349-26,,
310,C3N-02252-30,,
311,C3L-04854-26,,
312,C3L-04336-26,,
313,C3N-04457-26,,
314,C3L-02964-26,,
315,C3N-03848-23,,
316,C3L-04878-28,,
317,C3L-00904-26,,
318,C3L-02127-26,,
319,C3N-01017-27,,
320,C3L-03987-26,,
321,C3N-00247-26,,
322,C3L-00445-23,,
323,C3L-04866-26,,
324,C3N-04169-29,,
325,C3N-05914-29,,
326,C3L-05212-26,,
327,C3L-02618-28,,
328,C3L-03961-27,,
329,C3L-04887-28,,
330,C3L-03272-24,,
331,C3L-05428-26,,
332,C3N-03923-26,,
333,C3L-02963-26,,
334,C3N-03486-26,,
335,C3L-04883-26,,
336,C3L-05022-26,,
337,C3L-03272-25,,
338,C3L-05369-26,,
339,C3L-05423-26,,
340,C3L-05423-27,,
341,C3L-03961-26,,
342,C3N-02374-23,,
343,C3L-02649-27,,
344,C3L-01455-25,,
345,C3N-03051-23,,
346,C3L-04746-27,,
347,C3L-04854-28,,
348,C3N-02435-27,,
349,C3L-05150-26,,
350,C3L-03965-26,,
351,C3N-02088-27,,
352,C3L-04888-27,,
353,C3L-04367-26,,
354,C3N-02090-26,,
355,C3N-02090-27,,
356,C3N-02141-26,,
357,C3N-02141-27,,
358,C3N-02142-26,,
359,C3N-02142-27,,
360,C3N-02143-26,,
361,C3L-00444-26,,
362,C3L-04040-27,,
363,C3L-04040-28,,
364,C3L-04040-26,,
365,C3N-02146-27,,
366,C3L-04037-28,,
367,C3N-02150-26,,
368,C3N-02150-27,,
369,C3L-04033-27,,
370,C3N-02152-26,,
371,C3N-02152-27,,
372,C3N-00433-27,,
373,C3N-00433-26,,
374,C3N-02153-26,,
375,C3L-00444-28,,
376,C3N-02153-27,,
377,C3N-02192-25,,
378,C3N-02192-26,,
379,C3L-04365-28,,
380,C3L-04033-28,,
381,C3L-04031-27,,
382,C3L-04033-26,,
383,C3L-00446-27,,
384,C3N-02193-27,,
385,C3N-02193-26,,
386,C3N-02729-23,,
387,C3L-04365-27,,
388,C3N-02230-26,,
389,C3N-02234-26,,
390,C3N-02234-27,,
391,C3N-02237-27,,
392,C3L-04365-26,,
393,C3N-02240-26,,
394,C3L-04031-26,,
395,C3N-02240-27,,
396,C3N-02242-26,,
397,C3N-02242-27,,
398,C3N-02158-26,,
399,C3N-02155-26,,
400,C3N-02155-27,,
401,C3N-02145-27,,
402,C3N-02145-26,,
403,C3N-02281-24,,
404,C3N-02290-29,,
405,C3N-02588-23,,
406,C3N-02089-27,,
407,C3N-02089-26,,
408,C3N-02067-23,,
409,C3N-02451-26,,
410,C3N-02451-27,,
411,C3N-02003-23,,
412,C3N-02002-21,,
413,C3N-02000-22,,
414,C3N-02587-23,,
415,C3N-02715-26,,
416,C3N-02718-26,,
417,C3N-02728-26,,
418,C3N-02757-23,,
419,C3N-02721-26,,
420,C3N-02758-23,,
421,C3L-02513-24,,
422,C3L-02513-25,,
423,C3L-03985-28,,
424,C3L-03985-27,,
425,C3L-03985-26,,
426,C3N-02916-26,,
427,C3N-02916-27,,
428,C3N-02586-23,,
429,C3N-02919-26,,
430,C3N-02919-27,,
431,C3N-00545-26,,
432,C3N-02582-23,,
433,C3N-02920-26,,
434,C3N-02920-27,,
435,C3N-02923-26,,
436,C3N-00546-26,,
437,C3N-02926-23,,
438,C3N-02928-23,,
439,C3N-02929-23,,
440,C3L-02515-24,,
441,C3L-02515-25,,
442,C3N-02948-26,,
443,C3N-02948-27,,
444,C3N-02950-26,,
445,C3N-00547-26,,
446,C3N-00547-27,,
447,C3N-00549-26,,
448,C3N-00549-27,,
449,C3N-02950-27,,
450,C3N-02973-26,,
451,C3N-00550-27,,
452,C3N-00550-26,,
453,C3N-00294-25,,
454,C3N-02973-27,,
455,C3N-00551-26,,
456,C3N-00551-27,,
457,C3N-00552-27,,
458,C3N-00293-25,,
459,C3N-03038-23,,
460,C3N-03052-23,,
461,C3N-03054-23,,
462,C3N-03057-23,,
463,C3N-03063-23,,
464,C3N-03202-23,,
465,C3N-03205-23,,
466,C3N-01021-26,,
467,C3N-03212-23,,
468,C3N-03222-26,,
469,C3N-03225-26,,
470,C3N-01408-26,,
471,C3N-03238-26,,
472,C3N-03764-29,,
473,C3N-03765-29,,
474,C3N-00552-26,,
475,C3N-03911-26,,
476,C3N-03890-26,,
477,C3N-03921-26,,
478,C3N-03929-26,,
479,C3N-04157-26,,
480,C3N-00556-27,,
481,C3N-00559-27,,
482,C3N-00556-26,,
483,C3N-00559-26,,
484,C3N-00560-26,,
485,C3N-01408-27,,
486,C3N-00572-27,,
487,C3L-03984-26,,
488,C3N-00572-26,,
489,C3L-03984-27,,
490,C3N-04168-26,,
491,C3N-04176-29,,
492,C3N-00574-26,,
493,C3N-00574-27,,
494,C3N-01409-27,,
495,C3N-04180-30,,
496,C3N-04382-26,,
497,C3N-04382-27,,
498,C3N-04173-29,,
499,C3L-00001-26,,
500,C3L-00009-26,,
501,C3N-01823-26,,
502,C3L-00080-26,,
503,C3L-00083-26,,
504,C3L-00093-26,,
505,C3L-00095-26,,
506,C3N-01417-26,,
507,C3L-02559-26,,
508,C3N-00578-26,,
509,C3N-00578-27,,
510,C3L-02560-26,,
511,C3L-02601-26,,
512,C3L-00140-26,,
513,C3N-01799-27,,
514,C3N-01799-26,,
515,C3L-00144-26,,
516,C3L-02616-28,,
517,C3L-00263-27,,
518,C3L-00263-28,,
519,C3N-01417-27,,
520,C3L-02616-27,,
521,C3L-00279-25,,
522,C3L-00279-26,,
523,C3N-00580-27,,
524,C3L-03271-26,,
525,C3L-03271-24,,
526,C3L-03271-25,,
527,C3N-00580-26,,
528,C3L-03976-27,,
529,C3L-03976-26,,
530,C3L-00368-26,,
531,C3L-02643-25,,
532,C3N-01419-26,,
533,C3L-00422-24,,
534,C3L-00422-25,,
535,C3L-00422-26,,
536,C3L-02654-26,,
537,C3L-00510-25,,
538,C3L-00510-26,,
539,C3L-00510-24,,
540,C3L-02654-27,,
541,C3N-01419-27,,
542,C3L-00604-26,,
543,C3N-00704-24,,
544,C3N-00704-23,,
545,C3L-03969-27,,
546,C3L-03969-28,,
547,C3N-00737-26,,
548,C3N-01488-26,,
549,C3N-00223-26,,
550,C3N-01489-27,,
551,C3N-01489-26,,
552,C3L-02834-26,,
553,C3N-00738-24,,
554,C3N-00738-23,,
555,C3N-01416-27,,
556,C3N-01416-26,,
557,C3N-01415-26,,
558,C3N-00223-27,,
559,C3L-00893-26,,
560,C3L-00893-25,,
561,C3L-00893-24,,
562,C3L-02834-24,,
563,C3N-00223-28,,
564,C3L-02893-26,,
565,C3L-00913-26,,
566,C3L-02957-26,,
567,C3L-02954-26,,
568,C3N-01414-27,,
569,C3N-01414-26,,
570,C3N-01413-27,,
571,C3N-01410-27,,
572,C3N-01410-26,,
573,C3L-00973-27,,
574,C3L-00973-28,,
575,C3N-01019-26,,
576,C3N-01405-26,,
577,C3L-02958-26,,
578,C3L-02961-26,,
579,C3L-02967-26,,
580,C3L-03262-24,,
581,C3L-03262-25,,
582,C3L-03262-26,,
583,C3L-03268-24,,
584,C3L-03268-26,,
585,C3L-03268-25,,
586,C3L-03462-21,,
587,C3N-01074-27,,
588,C3L-01330-24,,
589,C3L-01330-26,,
590,C3L-01330-25,,
591,C3L-03462-22,,
592,C3N-02572-23,,
593,C3N-01074-26,,
594,C3N-01072-26,,
595,C3N-01072-27,,
596,C3N-01071-27,,
597,C3N-01071-26,,
598,C3N-01030-27,,
599,C3N-02433-23,,
600,C3L-01632-26,,
601,C3L-01682-24,,
602,C3L-01683-28,,
603,C3L-01683-29,,
604,C3N-01024-26,,
605,C3L-01862-26,,
606,C3L-03642-22,,
607,C3L-03679-21,,
608,C3L-01889-26,,
609,C3L-01890-26,,
610,C3N-01023-27,,
611,C3N-01019-22,,
612,C3N-02424-21,,
613,C3N-01023-22,,
614,C3L-01924-24,,
615,C3L-01924-21,,
616,C3L-02549-21,,
617,C3L-02549-22,,
618,C3L-01924-25,,
619,C3N-01021-24,,
620,C3N-01021-23,,
621,C3N-01021-21,,
622,C3L-02508-22,,
623,C3N-01016-23,,
624,C3N-01016-22,,
625,C3L-02508-23,,
626,C3L-02508-21,,
627,C3N-00217-24,,
628,C3N-00959-23,,
629,C3N-00959-22,,
630,C3L-03726-22,,
631,C3L-02365-21,,
632,C3N-02423-21,,
633,C3L-03726-23,,
634,C3L-02219-22,,
635,C3N-00217-23,,
636,C3L-02350-22,,
637,C3L-02348-21,,
638,C3L-02348-22,,
639,C3L-02345-21,,
640,TCGA-44-3918-01Z-00-DX1.6da70a8b-6307-423a-9d2d-380c16962855,,
641,TCGA-69-8253-01Z-00-DX1.631c741f-46bd-4d4b-8f6c-64787fb4c402,,
642,TCGA-49-6745-01Z-00-DX6.3174fffa-c17c-44d1-8d21-1921a9ec1bee,,
643,TCGA-86-8672-01Z-00-DX1.94ca1954-921d-4ef6-a078-4e0fcb09157f,,
644,TCGA-50-6591-01Z-00-DX1.12e1050b-75e9-4059-b945-291995b3e93c,,
645,TCGA-55-8506-01Z-00-DX1.A908E3D2-91F7-4DE2-98C9-95D1038B9F49,,
646,TCGA-55-8204-01Z-00-DX1.30ba69f3-53f1-41cc-826c-20dce3cfe86b,,
647,TCGA-49-4501-01Z-00-DX3.b6c2cc84-1c94-4816-92e7-8cf4446ac9ac,,
648,TCGA-55-6981-01Z-00-DX1.5fecd134-42a0-40a2-be75-1e8bd14c5b30,,
649,TCGA-64-1681-01Z-00-DX1.fb0244f6-51a8-4da2-b45c-38d8e02edab7,,
650,C3N-00217-22,,
651,TCGA-95-7562-01Z-00-DX1.C722891A-C5C6-4F0D-A73F-259FA8DB2394,,
652,TCGA-86-8279-01Z-00-DX1.fd12b60e-d181-454b-a655-298a973a849d,,
653,TCGA-NJ-A4YQ-01Z-00-DX1.56C29975-77E9-4822-A9E1-83AD70D6C5F7,,
654,TCGA-55-8090-01Z-00-DX1.83f86d5f-7cb9-443a-a812-b19ba4aea836,,
655,TCGA-50-5931-01Z-00-DX1.34261ED6-7815-487C-A50C-2DAD587187B9,,
656,TCGA-49-AARE-01Z-00-DX1.3559B3A9-6699-472F-B731-1BD9F93EE82A,,
657,TCGA-78-7158-01Z-00-DX1.74db3dcd-2715-4ce7-8e48-30c8b7946ba0,,
658,TCGA-49-4494-01Z-00-DX5.1e9e22d6-a4c9-40d1-aedb-b6cd404fe16f,,
659,TCGA-44-7669-01Z-00-DX1.34d0c9ac-d3dc-4a5e-b99c-a8c1c1e120d1,,
660,TCGA-49-4507-01Z-00-DX1.1df4e286-ea89-4c38-ad53-a26e5b7b0402,,
661,TCGA-44-A47F-01Z-00-DX1.C1EC3F2D-33C8-483B-9DDA-2F01B5FED618,,
662,TCGA-44-2655-01Z-00-DX1.ee255271-780c-461c-ab23-5cd3504b5e4a,,
663,TCGA-55-7574-01Z-00-DX1.09639e6a-d85f-4d84-abbc-0f5a6d679683,,
664,TCGA-75-7030-01Z-00-DX1.5DDF24B5-00D1-4418-A067-A9B609E15314,,
665,TCGA-55-8207-01Z-00-DX1.2dafc442-f927-4b0d-b197-cc8c5f86d0fc,,
666,TCGA-44-7672-01Z-00-DX1.71f4a0c6-a9cc-481c-ace8-c8c314952aa1,,
667,TCGA-55-A491-01Z-00-DX1.E5F3B4E5-18EA-4067-AE28-119DABCE739A,,
668,TCGA-49-4512-01Z-00-DX5.7198ce36-1fae-4da1-9f26-b7f43cf01133,,
669,C3N-00217-21,,
670,TCGA-55-8089-01Z-00-DX1.da4d99ff-4a7c-45a3-b79c-039c0c9e9712,,
671,TCGA-50-5946-01Z-00-DX1.5076CACA-E3C0-4114-BA69-5B4896FF0C4B,,
672,TCGA-49-6744-01Z-00-DX1.40f8f751-b756-4576-b1ee-8dd2e8f89ff7,,
673,TCGA-78-7633-01Z-00-DX1.f0cd4825-eb92-4098-954a-fbb1e4851660,,
674,TCGA-44-A47B-01Z-00-DX1.177D0531-E037-435B-BFD4-382B2150B10D,,
675,TCGA-49-6745-01Z-00-DX1.6bf8a38c-5e3a-4b32-8870-03bc06c0db80,,
676,TCGA-55-7995-01Z-00-DX1.fef24d04-35a0-4f57-8f51-7ad602a78871,,
677,TCGA-55-7724-01Z-00-DX1.31a194ac-62e3-4225-8e32-8c2a83dcdd10,,
678,TCGA-05-4410-01Z-00-DX1.E5B66334-4949-4F45-9200-296B1A2F1AD5,,
679,TCGA-NJ-A7XG-01Z-00-DX1.4A876254-653C-410B-A36C-55FC41C1DD93,,
680,TCGA-55-8301-01Z-00-DX1.2A66E0FC-84F2-4DF8-B06E-D7CDD7AA82C7,,
681,TCGA-55-6975-01Z-00-DX1.2762a872-b1c3-47fd-8ed5-b715a5b20163,,
682,TCGA-69-7763-01Z-00-DX1.33203e8a-43e9-4e3e-98ba-1ac08b80a44f,,
683,TCGA-55-7284-01Z-00-DX1.68b95b9b-1aab-4f03-aad3-1132467b7499,,
684,TCGA-44-A4SU-01Z-00-DX1.AE2607C1-B208-4557-ADB4-6AAF03C6D3A9,,
685,TCGA-49-6744-01Z-00-DX4.a3d7995d-399f-4c53-aab8-adc4ea4dbfa8,,
686,C3N-02423-22,,
687,TCGA-MP-A4TH-01Z-00-DX1.E89D2C19-F9B2-4BF2-AA5F-6104CBC076D1,,
688,TCGA-49-4488-01Z-00-DX4.17c00349-5908-4944-9dba-5efea9a5373a,,
689,TCGA-95-A4VK-01Z-00-DX1.D09778E0-285E-4593-84C8-B6009DDF4E41,,
690,TCGA-97-A4M0-01Z-00-DX1.BDDFB04C-2475-485A-9A85-C4B9EB15155E,,
691,TCGA-49-6742-01Z-00-DX1.23e8883f-0ecc-4359-a8b5-75d49f43a08b,,
692,TCGA-97-A4M7-01Z-00-DX2.9D0A8A7E-5A84-439B-B3D1-DFA22BC6ED87,,
693,TCGA-55-8205-01Z-00-DX1.6df6d499-f325-409d-acb1-9e13172f2bb4,,
694,TCGA-55-7903-01Z-00-DX1.40fc5dcb-b5bb-46b4-90bd-2eeb3ea880f5,,
695,TCGA-97-8179-01Z-00-DX1.5501338a-dd89-4c41-8267-5baaaea71643,,
696,TCGA-49-6745-01Z-00-DX2.3b8e947b-885e-486f-9edc-f2b247bdf95b,,
697,TCGA-97-7938-01Z-00-DX1.d774d0a2-ee34-43ba-9d9d-34bf9718292e,,
698,TCGA-38-4628-01Z-00-DX1.eee4f100-142f-4d9c-8e38-b16aab123413,,
699,TCGA-86-A456-01Z-00-DX1.5C7CBF9B-0AE3-4776-9434-296AA0C605CC,,
700,TCGA-55-A48X-01Z-00-DX1.A46C6373-8458-4D55-88C3-4C70A05F9F47,,
701,C3N-02422-21,,
702,TCGA-86-8358-01Z-00-DX1.C50100F8-9414-4A06-BEDF-93E7B01B24D6,,
703,TCGA-55-A48Z-01Z-00-DX1.0867DC6A-2A51-4CF1-AE3F-0526CE2DD740,,
704,TCGA-44-6776-01Z-00-DX1.551e200f-5f40-4b95-8b2f-7c6000a21be0,,
705,TCGA-75-5146-01Z-00-DX1.4958A631-7E6F-4FBB-A1C3-B8F8368D46C5,,
706,TCGA-55-6642-01Z-00-DX1.0487cfc6-8216-4da3-aae1-a35452e9e4f6,,
707,TCGA-50-6594-01Z-00-DX1.43b2005a-4245-4025-ad85-4a957f308a5c,,
708,TCGA-49-4494-01Z-00-DX6.3791a027-7ddb-429c-99a5-bb84a4307550,,
709,C3N-02421-22,,
710,TCGA-55-A4DF-01Z-00-DX1.C945E1AD-BEF4-403F-BB11-BAC831D24CDA,,
711,TCGA-05-5715-01Z-00-DX1.D3F0A1FA-2507-45FF-823F-F9981E62BB4C,,
712,TCGA-86-8281-01Z-00-DX1.02237263-003b-4de1-8a2f-0f3ad14768c7,,
713,TCGA-55-7281-01Z-00-DX1.a92dafa4-3a65-4f5c-97f0-83aff231274a,,
714,TCGA-86-7713-01Z-00-DX1.23f9e213-b566-47bb-beb8-7d12b2f0508b,,
715,TCGA-55-6984-01Z-00-DX1.d53e387a-9618-4486-98f3-a75604f25a7d,,
716,TCGA-38-4627-01Z-00-DX1.fe406eb9-b38b-410d-aa1a-84ab8ac091c7,,
717,TCGA-49-4488-01Z-00-DX9.bf1e9d28-3ca2-4a62-bf3e-3e735c6a2885,,
718,TCGA-49-6745-01Z-00-DX3.40cd3c60-889c-4eaa-be55-36ab5d8b2400,,
719,TCGA-05-4396-01Z-00-DX1.49DD5F68-7473-4945-B384-EA6D5AE383CB,,
720,TCGA-44-4112-01Z-00-DX1.5380b3b4-0e24-4c6c-aa8c-298c5fbe068f,,
721,TCGA-78-7542-01Z-00-DX1.2ee042a6-11ee-4668-b254-44144fca4234,,
722,TCGA-67-3770-01Z-00-DX1.4C14BE72-905C-4AAE-B07A-6437D98A23FA,,
723,TCGA-55-6970-01Z-00-DX1.be042a9b-3eab-4b6c-9cd7-7486ffab037f,,
724,TCGA-55-6983-01Z-00-DX1.8f940a64-1f1b-4e6e-99ea-418175be2b3f,,
725,TCGA-49-4510-01Z-00-DX1.0b7c713f-6f72-42c3-967d-7e19a280e761,,
726,TCGA-62-A46R-01Z-00-DX1.AD823FBA-A63F-4D36-8B84-2C995DE5FC47,,
727,TCGA-75-6207-01Z-00-DX1.837B7B0F-424C-423B-9045-A905E7C1C54C,,
728,TCGA-78-8640-01Z-00-DX1.6F929E56-34D5-45A6-8A9E-ACB4B88A68B1,,
729,TCGA-MN-A4N1-01Z-00-DX1.07CD10C3-73A7-47E5-AD45-45458CE33107,,
730,TCGA-NJ-A55A-01Z-00-DX1.42C356FE-52A3-4A60-886B-75F84ADBC534,,
731,TCGA-69-8453-01Z-00-DX1.C472096B-95BA-42CD-ADEB-326C38F9DC95,,
732,TCGA-95-7948-01Z-00-DX1.FF1AEF38-19E5-4475-87C8-B318204FEF1D,,
733,TCGA-05-4427-01Z-00-DX1.36CF4E93-3FBB-4346-A26B-85F0D9D0575D,,
734,TCGA-55-7728-01Z-00-DX1.1d47a5fe-cab5-4d5a-a62b-16f345334d25,,
735,TCGA-49-4501-01Z-00-DX2.07b7723d-136b-490c-9dd3-7f3aef78d3d9,,
736,C3N-02421-21,,
737,TCGA-78-7154-01Z-00-DX1.596c20c2-e811-4b5e-961c-98343afcccde,,
738,TCGA-50-6593-01Z-00-DX1.a63e298c-cbe7-44e8-8d8e-34ebb93530ca,,
739,TCGA-62-A46O-01Z-00-DX1.39B361AD-ED1D-4C0C-8611-0E8CCBDBD252,,
740,TCGA-49-6743-01Z-00-DX2.f6b71e89-19ff-4d9b-a3f1-3a52949f1dc7,,
741,TCGA-MP-A4T2-01Z-00-DX1.ADE8B45C-26F3-465E-ADB6-2C36E6326974,,
742,TCGA-L9-A8F4-01Z-00-DX1.E2BBB8DE-94E2-4781-9B55-8A4CFBF8A69D,,
743,TCGA-78-7160-01Z-00-DX1.f40f6c04-74b1-4cef-aabc-cbafadbdf39f,,
744,TCGA-75-6212-01Z-00-DX1.FCB36956-DF6C-485D-8E7A-922A2BDAE669,,
745,TCGA-44-2661-01Z-00-DX1.20cfa0f8-e3ca-4c26-9dfe-b9d416cd94b1,,
746,C3N-02380-22,,
747,TCGA-35-4123-01Z-00-DX1.990553a8-657e-49ec-9782-e6d30a4c4909,,
748,TCGA-78-7220-01Z-00-DX1.3df84ce0-4395-4c9e-ba62-76b55676a440,,
749,TCGA-86-8076-01Z-00-DX1.e7378b2f-e20e-4d2f-a86c-3a8ead08a385,,
750,TCGA-83-5908-01Z-00-DX1.381c8f82-61a0-4e9d-982d-1ad0af7bead9,,
751,TCGA-4B-A93V-01Z-00-DX1.C263DC1C-298D-47ED-AAF8-128043828530,,
752,TCGA-55-8615-01Z-00-DX1.928CFCA6-059D-4901-8D6A-BC7D9486C29F,,
753,TCGA-49-6742-01Z-00-DX3.789aa445-e63f-4e6e-900a-0f47f44af6b7,,
754,TCGA-86-6851-01Z-00-DX1.0b13e600-fd7b-44a2-9ec2-26e9938fb7bc,,
755,C3N-02380-21,,
756,TCGA-NJ-A55O-01Z-00-DX1.8E23C821-B8BB-4D89-9E38-E97424A685CE,,
757,TCGA-64-5781-01Z-00-DX1.81474D4D-6B48-473F-BAA9-ABD75C9223C3,,
758,TCGA-44-2665-01Z-00-DX1.d429e37e-3915-4da6-b5bc-bf2f09f4fbf7,,
759,TCGA-55-8511-01Z-00-DX1.8EDFB05B-5B59-46EA-973C-1048B1E284D2,,
760,TCGA-49-6767-01Z-00-DX1.53459c0e-b8ec-4893-9910-87b63c503134,,
761,TCGA-86-7954-01Z-00-DX1.0a063ee6-18b7-4b66-9726-04fb452156cb,,
762,TCGA-73-4662-01Z-00-DX1.76e23a15-0917-44ad-9181-50100d318003,,
763,TCGA-78-7161-01Z-00-DX1.646cf15a-5961-4728-b9fe-fe3fff11831f,,
764,C3N-02379-21,,
765,TCGA-05-4250-01Z-00-DX1.90f67fdf-dff9-46ca-af71-0978d7c221ba,,
766,TCGA-55-8208-01Z-00-DX1.6eccb7e2-16e4-4d25-9a1e-b370e016020f,,
767,TCGA-49-4512-01Z-00-DX2.341d7ff7-15e1-44f1-8818-b117fe98ca99,,
768,TCGA-78-8662-01Z-00-DX1.754A4C57-B5FA-4077-99E4-F6EFA6459410,,
769,TCGA-86-8056-01Z-00-DX1.eee7e03a-842c-4a44-bff8-f7b906725605,,
770,TCGA-97-A4M7-01Z-00-DX1.111ED60D-6E4A-47E9-AFD0-C2A109DE2C60,,
771,TCGA-73-4666-01Z-00-DX1.dd9c8922-ddd1-4674-8124-9e334532e47e,,
772,TCGA-55-6972-01Z-00-DX1.0b441ad0-c30f-4f63-849a-36c98d6e2d3b,,
773,TCGA-49-4501-01Z-00-DX1.9c4bf212-5e32-449e-8710-cf7a3594156e,,
774,C3N-02379-22,,
775,TCGA-J2-A4AD-01Z-00-DX1.C3C3B0C6-0666-4CCF-8422-345560B237DA,,
776,TCGA-86-8074-01Z-00-DX1.0c34b434-8701-4060-a4ea-08a72371ee1e,,
777,TCGA-78-8660-01Z-00-DX1.11E923ED-C01B-439D-8796-08C9E3DC2D93,,
778,TCGA-97-7554-01Z-00-DX1.4107ca63-4642-42b9-b6f2-13778ecaf9a7,,
779,TCGA-75-7027-01Z-00-DX1.AC91B34F-DF67-4F95-B145-079A71A54E83,,
780,TCGA-95-A4VP-01Z-00-DX1.1B145AC0-2471-4974-BBB6-C88BDF0BE8BD,,
781,TCGA-49-4505-01Z-00-DX2.48df81e7-5a8e-4c5b-993a-6a54481a35e9,,
782,C3L-02129-23,,
783,TCGA-55-6980-01Z-00-DX1.2f1d1858-42b9-4e3b-966d-2f3f429570a6,,
784,TCGA-53-A4EZ-01Z-00-DX1.5D155F0B-A677-4589-AF00-A4C451F5B6B6,,
785,TCGA-38-7271-01Z-00-DX1.EF258BEB-8DEA-483E-823A-1E0B90AAA392,,
786,TCGA-97-8172-01Z-00-DX1.812ab977-692e-42f8-af57-7ce9084ab045,,
787,TCGA-49-4512-01Z-00-DX6.985c9088-ff83-4f13-8a95-cb55aa48682b,,
788,TCGA-49-4510-01Z-00-DX2.e0552b15-6bd7-4660-8a60-9edd0d638e7e,,
789,TCGA-50-5068-01Z-00-DX1.13f1c31e-4d4c-4562-8447-c5bbfbf670a9,,
790,C3L-02129-21,,
791,TCGA-44-6774-01Z-00-DX1.f169485b-f863-4be0-9844-258d78170b64,,
792,TCGA-49-AAR3-01Z-00-DX1.B4D85F13-CEB4-46DA-BF39-0200B9E55835,,
793,TCGA-55-8092-01Z-00-DX1.04e44341-c4bb-4b0b-965c-7ec83f3877a6,,
794,TCGA-55-A57B-01Z-00-DX1.8D3C7063-3AF6-4839-A656-F844EC0AF9DB,,
795,TCGA-49-AARO-01Z-00-DX1.FB8C82DC-F823-43CF-A8EA-1208C767AF54,,
796,TCGA-97-A4M6-01Z-00-DX1.01D83621-3D8E-4339-9F9B-CBD3083D5AE0,,
797,TCGA-50-7109-01Z-00-DX1.08f6420c-baa2-4e79-908e-ebbdeec503a6,,
798,TCGA-97-A4LX-01Z-00-DX1.B2334672-A626-4E74-B4D1-A79F70F65909,,
799,TCGA-55-6969-01Z-00-DX1.713df9f6-1a91-4e0e-ad43-42e66dcca191,,
800,TCGA-93-7347-01Z-00-DX1.a22b7163-07bd-4f6a-97c7-f1561c4d73cb,,
801,TCGA-44-2668-01Z-00-DX1.f66fa464-dad1-4a9f-8486-3d7579ca42b6,,
802,TCGA-L4-A4E5-01Z-00-DX1.C2A5EF71-1F40-4E34-AC30-58D7121C1338,,
803,TCGA-05-4420-01Z-00-DX1.2df0552e-87dc-491e-9be2-be8fbce2660d,,
804,TCGA-91-A4BD-01Z-00-DX1.2E575CAC-6AEB-4049-972A-EA43457A9C9D,,
805,TCGA-86-8671-01Z-00-DX1.1fd0019c-df9d-48cc-9055-8de57759f273,,
806,TCGA-49-6745-01Z-00-DX7.4bdde497-03d9-4e15-a00e-595baa3947b5,,
807,TCGA-67-3774-01Z-00-DX1.FE85FDCB-91D2-47C5-8D13-D622A51A7BE0,,
808,TCGA-80-5607-01Z-00-DX1.94C9CF78-2F79-4A0B-8939-1CD9B915222D,,
809,TCGA-64-1680-01Z-00-DX1.9CB14F20-E7B0-49A1-A327-404B3160FD65,,
810,TCGA-05-4426-01Z-00-DX1.4c9da782-f4aa-4c4f-b3aa-fae2259f236f,,
811,TCGA-55-8620-01Z-00-DX1.6591EEC4-D696-4826-80BD-99BE1D99EBB8,,
812,TCGA-44-2662-01Z-00-DX1.398f3f84-fd48-4454-b789-a3e90cd36d73,,
813,TCGA-05-4415-01Z-00-DX1.55E0C429-B308-4962-8DA9-41D7D3F7764E,,
814,TCGA-95-7039-01Z-00-DX1.C191A46D-A667-4BF6-8E6B-3E5CBF9DF43F,,
815,TCGA-44-6147-01Z-00-DX1.a34a9f49-e86b-43ee-9e2d-7ef35da0aecf,,
816,TCGA-95-7947-01Z-00-DX1.44291078-2D8E-4E79-8FAB-439E52BAAD60,,
817,TCGA-05-4432-01Z-00-DX1.90d00d62-402b-404a-85e2-0edf869193ab,,
818,TCGA-55-6979-01Z-00-DX1.9238436e-3886-4a10-86fe-26658967dff2,,
819,TCGA-67-4679-01Z-00-DX1.a3d84341-fed7-4235-a053-638ed5294954,,
820,TCGA-44-6777-01Z-00-DX1.aca7b23d-a601-4476-8bfd-eb46f0b6a96e,,
821,TCGA-62-A46U-01Z-00-DX1.5129535F-8B6A-4647-8A88-3EE125642874,,
822,TCGA-44-7667-01Z-00-DX1.2be2e379-7368-4fa7-a619-ace84febecb3,,
823,TCGA-44-2657-01Z-00-DX1.b7f608bd-2381-40a2-a757-ca4648a7de8a,,
824,TCGA-50-6673-01Z-00-DX1.e24fb432-3fff-4f00-a316-16d05275c1e7,,
825,C3N-00203-23,,
826,TCGA-44-2659-01Z-00-DX1.b33f40e6-bc18-48b0-8dad-bdb0a6a200b5,,
827,TCGA-99-8025-01Z-00-DX1.76d4e012-91a7-4f1d-ba0f-4cecd812ec49,,
828,TCGA-05-4402-01Z-00-DX1.c653ddc2-88c1-45ac-88e7-4e512b8e8d53,,
829,TCGA-49-4490-01Z-00-DX5.feea87ff-61c6-465e-8b36-4803f6af3d62,,
830,TCGA-99-8032-01Z-00-DX1.7380b78f-ea25-43e0-ac90-194b5c6b1432,,
831,TCGA-93-A4JP-01Z-00-DX1.994E229B-5251-4F61-8C41-863047F3A136,,
832,TCGA-MP-A4TJ-01Z-00-DX1.14EDBE5C-5D0C-4002-BE95-AF5C9D9F3D43,,
833,TCGA-78-7166-01Z-00-DX1.d19ad2d9-b006-4a13-ba54-2fec234c2373,,
834,TCGA-05-4403-01Z-00-DX1.fee8e988-956c-42a2-a6c5-06b6d6736295,,
835,TCGA-NJ-A4YI-01Z-00-DX1.C4111D01-27BF-486F-8E0E-C8053DB16133,,
836,TCGA-49-4490-01Z-00-DX6.0a04ad8e-7f33-4496-bd9e-0110ec33f887,,
837,TCGA-05-4244-01Z-00-DX1.d4ff32cd-38cf-40ea-8213-45c2b100ac01,,
838,TCGA-44-6775-01Z-00-DX1.38d3bc6d-8bb5-4126-8d61-d39e6a1d7bcf,,
839,TCGA-55-8621-01Z-00-DX1.7C519007-D59D-432A-BF4D-23D14A1C8BB6,,
840,TCGA-NJ-A4YP-01Z-00-DX1.148BFF66-4DC7-468C-8783-97F27C2E1245,,
841,TCGA-49-AAR9-01Z-00-DX1.B6A9966E-89B8-404B-8ABC-1F8F8553D4DA,,
842,TCGA-55-7914-01Z-00-DX1.875bffe1-8c56-4c29-ab11-6840ee3a643c,,
843,TCGA-55-7570-01Z-00-DX1.9020ae67-cf60-4bac-8c60-403c8891c4a3,,
844,TCGA-50-5066-01Z-00-DX1.e161df31-84a4-40a4-a6a2-748b60820f77,,
845,TCGA-86-8359-01Z-00-DX1.11B8FDC3-4B84-4A22-B89D-46EA76345F13,,
846,TCGA-64-5778-01Z-00-DX1.96C39819-8A65-4651-BE83-39959F6FAD05,,
847,TCGA-69-7761-01Z-00-DX1.aa7ef5ef-8162-4961-a923-3a29646efba3,,
848,TCGA-50-5055-01Z-00-DX2.446EC3BB-2ED7-4253-8A39-AC68331F08E7,,
849,TCGA-75-6203-01Z-00-DX1.9796ACAB-9E1A-4BC5-B80C-4EC856FA14B7,,
850,TCGA-97-8177-01Z-00-DX1.4c2ddf48-40d3-4fa0-8b5f-0485e8270ac7,,
851,C3N-01022-21,,
852,TCGA-55-7913-01Z-00-DX1.2295fcc5-70b0-412e-a1fd-b5366fce0739,,
853,TCGA-05-4405-01Z-00-DX1.D57EC2B2-3A59-4954-86A7-61782938BCC5,,
854,TCGA-49-4506-01Z-00-DX4.9460a2c1-efe2-4095-9b0e-dfe0eda684ba,,
855,TCGA-86-8585-01Z-00-DX1.bc0b1c69-f71d-46fc-8195-2d205002e6e5,,
856,TCGA-49-AAQV-01Z-00-DX1.4CC37621-C952-4684-96E3-9B97CDAD8056,,
857,TCGA-97-7937-01Z-00-DX1.6db4b2ff-722c-4bb8-b12f-15f1a38b4ab1,,
858,TCGA-49-4506-01Z-00-DX2.81e180ae-bd9f-49cc-9a0f-297800cc7280,,
859,TCGA-93-8067-01Z-00-DX1.325d0cd5-9bb5-4f51-a197-75d3c3d19aaf,,
860,TCGA-49-4490-01Z-00-DX3.0949a10a-0a1f-49dc-9296-ab4d4f0bf988,,
861,C3N-00203-22,,
862,TCGA-05-5428-01Z-00-DX1.8018AD62-F1CE-4BFF-8EFD-3F2D4513FC11,,
863,TCGA-49-6742-01Z-00-DX2.2c6b4df0-867d-40c5-8bee-14e2d219224b,,
864,TCGA-49-4505-01Z-00-DX4.623c4278-fc3e-4c80-bb4d-000e24fbb1c2,,
865,TCGA-05-4395-01Z-00-DX1.20205276-ca16-46b2-914a-fe5e576a5cf9,,
866,TCGA-NJ-A4YF-01Z-00-DX1.4A3DE76A-9F1E-4766-A013-5E7E3A665071,,
867,TCGA-44-7661-01Z-00-DX1.baf72abd-edb9-4f56-beb3-f5138aa50930,,
868,TCGA-86-7953-01Z-00-DX1.847865ce-df59-4677-bac2-ee88a258fe4e,,
869,C3N-00203-21,,
870,TCGA-75-6211-01Z-00-DX1.3E7B5948-521E-48EE-9204-80F5713ECD25,,
871,TCGA-55-7227-01Z-00-DX1.e1a9e09c-4a50-4ee5-b1e4-2c7ae34dc913,,
872,TCGA-J2-A4AG-01Z-00-DX1.487780B8-18E7-494A-8054-5637239870EB,,
873,TCGA-50-5066-02Z-00-DX1.A2CA045A-7956-4E04-9EC9-5856FC789110,,
874,TCGA-49-4487-01Z-00-DX1.3a3a0720-463c-430e-849b-e2f8991bdfa5,,
875,TCGA-95-7567-01Z-00-DX1.982FF122-A440-4949-926C-B58AF8381090,,
876,TCGA-NJ-A4YG-01Z-00-DX1.507BAE41-5EE9-4657-AAD1-AD456750BA2F,,
877,TCGA-44-7670-01Z-00-DX1.2a981dd6-0063-438e-b20e-b180b16e2b23,,
878,TCGA-73-4658-01Z-00-DX1.d5beb44f-9d76-485a-8af4-407b0f1a610e,,
879,TCGA-55-6543-01Z-00-DX1.08806fe0-84d3-4fd6-8746-6cf557241958,,
880,TCGA-MN-A4N5-01Z-00-DX1.D0FBA0D2-6245-4EFD-AF2B-849215600DBE,,
881,TCGA-44-2656-01Z-00-DX1.5f247f31-4bb5-460d-a1f7-7dcdba33c835,,
882,TCGA-78-7535-01Z-00-DX1.c4ca06f3-22d1-4e39-85c8-98d1fa2b0e60,,
883,TCGA-MP-A5C7-01Z-00-DX1.26E5FA5A-3E6D-4CD3-8FA2-F331B7012311,,
884,TCGA-97-A4M3-01Z-00-DX1.16330A66-2501-48D2-AF6A-713698BF6918,,
885,TCGA-73-4668-01Z-00-DX1.3470b27e-210f-4ff3-9dde-69aa85faa9ee,,
886,TCGA-05-4398-01Z-00-DX1.269bc75f-492e-48b1-87ee-85924aa80e74,,
887,TCGA-64-1677-01Z-00-DX1.7720D42B-1F57-4C23-9BC5-87C456E7737B,,
888,TCGA-93-A4JN-01Z-00-DX1.ED4C9365-6CCF-4AEE-B4C9-3CC5EC57286C,,
889,TCGA-MP-A4TK-01Z-00-DX1.57494698-D9D9-4C04-AAB2-16616CCFDCC9,,
890,TCGA-44-7660-01Z-00-DX1.f96c114b-f0fc-498a-97cc-e262344de357,,
891,TCGA-38-4629-01Z-00-DX1.d00cc280-5370-4b9f-9655-6c35deb94647,,
892,TCGA-J2-A4AE-01Z-00-DX1.42C5DE4A-7787-4E59-8969-D12503262C96,,
893,TCGA-62-A46P-01Z-00-DX1.9136CC96-51B9-4FEB-8BCF-2C3676C708B1,,
894,TCGA-05-4417-01Z-00-DX1.6E534856-996F-4BD9-8AFC-7B1BF627E505,,
895,TCGA-MP-A4T4-01Z-00-DX1.5F72FF0B-59C0-4E95-A8C1-BF22A948F7AC,,
896,TCGA-49-4490-01Z-00-DX2.1b491bd7-60d2-40a6-96cd-01385bce2b0f,,
897,TCGA-78-7536-01Z-00-DX1.6b066140-8b82-40a5-bd48-430eeb4463fe,,
898,TCGA-97-8552-01Z-00-DX1.69631717-0E05-49C1-B112-15C2E36BC2F8,,
899,TCGA-55-6982-01Z-00-DX1.055aeec1-2fc1-4796-b5df-c159335e0300,,
900,TCGA-78-7153-01Z-00-DX1.5190321a-f1aa-4c6e-b4b9-6767b779682b,,
901,TCGA-95-8039-01Z-00-DX1.38b07435-987d-495d-9940-ba5f20e6ef97,,
902,TCGA-62-A472-01Z-00-DX1.C2F76C9A-C51A-4521-9B95-2A20063E9931,,
903,TCGA-55-A493-01Z-00-DX1.1CF94B85-7A64-4213-9B04-16504512DE2E,,
904,C3L-04757-21,,
905,TCGA-71-8520-01Z-00-DX1.EAE99132-A397-4B4D-8B09-CBB774A7B62F,,
906,TCGA-49-4512-01Z-00-DX3.2f6ec7bc-0dac-4be0-95fe-4071a93a856f,,
907,TCGA-93-7348-01Z-00-DX1.d657dc43-ca6c-404a-8ebe-6e6b78a8d1d1,,
908,TCGA-78-7167-01Z-00-DX1.f79e1a9b-a3eb-4c91-a1fd-7bb58b1620b1,,
909,TCGA-78-7156-01Z-00-DX1.9f7c8eb9-73de-49be-a487-e1fd4411b7b5,,
910,TCGA-L9-A5IP-01Z-00-DX1.E699D989-8BB8-41DF-9B95-A880858653E6,,
911,TCGA-86-8075-01Z-00-DX1.171bd8bd-af24-4770-b24b-732e675efd75,,
912,TCGA-MP-A4TA-01Z-00-DX1.11DDADA4-B7A2-4216-9B18-7AD993AE12E4,,
913,C3N-00199-21,,
914,TCGA-38-6178-01Z-00-DX1.5932337D-BA2B-455D-9E34-22961EFA2170,,
915,TCGA-86-8278-01Z-00-DX1.6500afef-f0f0-4e7c-a6c0-60da81993641,,
916,TCGA-05-5429-01Z-00-DX1.20729065-FADA-4E43-98D7-AFA5FB4A0447,,
917,TCGA-67-3772-01Z-00-DX1.CB05C5CC-2801-4BB9-94A0-83E9005BCA2E,,
918,TCGA-69-7979-01Z-00-DX1.c9bc265d-4889-4333-9852-b8b535887f1e,,
919,TCGA-44-6148-01Z-00-DX1.94c29c83-1085-458f-a0c9-3ffa8592cb98,,
920,TCGA-49-6745-01Z-00-DX5.9521a16f-d6a7-460c-b75c-7341d72ce727,,
921,TCGA-49-4507-01Z-00-DX2.a7bfbeee-00ea-4301-ace4-ce591807e2d3,,
922,TCGA-86-8280-01Z-00-DX1.52627b97-1cfa-4382-819b-949b58c0f995,,
923,C3L-04757-22,,
924,TCGA-55-8096-01Z-00-DX1.c833417d-10c1-4430-a241-d6f5496e1cd9,,
925,TCGA-86-A4JF-01Z-00-DX1.22828B15-D68E-4300-A3A8-FBC11B319BC5,,
926,TCGA-75-5147-01Z-00-DX1.3156FA5C-9737-4EAA-989C-FD578FBF15A1,,
927,TCGA-67-3773-01Z-00-DX1.3E9DFC22-E962-4C18-BF5B-27EBEA089F5D,,
928,TCGA-L9-A743-01Z-00-DX1.27ED2955-E8B5-4A3C-ADAA-82568ECCFB83,,
929,TCGA-64-1678-01Z-00-DX1.92C851BD-37AC-4C4C-9920-DF394411CC2C,,
930,TCGA-50-5939-01Z-00-DX1.745D7503-0744-46B1-BC89-EBB8FCE2D55C,,
931,TCGA-64-1676-01Z-00-DX1.3B8F1FAC-0FB2-45DE-AFA1-6ED451A4A61B,,
932,TCGA-78-7149-01Z-00-DX1.1b83dbcb-0c9f-4e50-bb98-bf9a157052cf,,
933,TCGA-49-4490-01Z-00-DX1.bde106d9-1494-4775-b77d-11c86bb09b72,,
934,C3N-00199-22,,
935,TCGA-73-4677-01Z-00-DX1.b557785c-9ccc-42a7-bb54-7bb47638ddfc,,
936,TCGA-86-7714-01Z-00-DX1.8ee03c3b-013e-4dd5-aa0e-9c1a771cbdc5,,
937,TCGA-44-3396-01Z-00-DX1.187b0a68-ad51-4fcd-819c-b74a8599dbe9,,
938,TCGA-69-7760-01Z-00-DX1.7fc295e3-5bfc-4017-801c-491489d0eb34,,
939,TCGA-49-4488-01Z-00-DX1.c9beef33-2d53-4fcb-8293-f083d9fedddc,,
940,TCGA-38-4632-01Z-00-DX1.5E05F85C-53BC-4280-8E7F-8B9DECEF849F,,
941,TCGA-97-A4M2-01Z-00-DX1.5C72522C-1538-4D68-B517-5FB05A9D401A,,
942,TCGA-69-8254-01Z-00-DX1.83a81d08-8c70-4f07-b4da-cbd17c4fe4d4,,
943,TCGA-69-7974-01Z-00-DX1.e4282067-fc3d-4fee-bae7-fe99000979d4,,
944,TCGA-J2-8194-01Z-00-DX1.7700924D-B6AF-46A7-A7D7-B5C17A66C5F7,,
945,TCGA-78-7147-01Z-00-DX1.a9fd2c5d-b8f3-4524-bd64-6c3362ce373b,,
946,TCGA-55-8299-01Z-00-DX1.6F652EC5-EBB8-499C-A66D-E0951FBFCAA2,,
947,TCGA-97-7546-01Z-00-DX1.dad9871f-cdfb-424d-a5b2-4e0905c29137,,
948,TCGA-L9-A443-01Z-00-DX1.9F68A13A-2865-41BF-88A7-B0DF75961C6F,,
949,TCGA-50-6590-01Z-00-DX1.B08B2656-3DC7-4D35-A54D-9C57A7A773B3,,
950,C3N-00199-23,,
951,TCGA-55-A490-01Z-00-DX1.07D77502-7216-4C23-9BB8-8DE99AECC920,,
952,TCGA-55-6712-01Z-00-DX1.8cd4b879-294e-4da0-8636-704f61b510dc,,
953,TCGA-55-6968-01Z-00-DX1.810e0fee-99ab-465b-8ae9-fb416e4dca3c,,
954,TCGA-78-7146-01Z-00-DX1.830209b2-94c5-4277-a7b6-b2f2634de0dc,,
955,TCGA-55-7576-01Z-00-DX1.3a6142e9-c90a-4938-a1d1-061c2ac261f0,,
956,TCGA-44-7671-01Z-00-DX1.00297baa-00e7-4894-a7b8-c9ac2a9d42d8,,
957,TCGA-49-4488-01Z-00-DX8.b9fb358a-9618-4956-9544-c2ffe2678095,,
958,TCGA-49-4488-01Z-00-DX7.a04b36c3-9cfd-4195-92c0-70046cd49d9a,,
959,TCGA-78-7537-01Z-00-DX1.e5597e41-ebba-4d6f-8a1f-15cd81d8f026,,
960,C3L-04757-23,,
961,TCGA-49-4512-01Z-00-DX4.5161fcf5-62a3-4f7d-8a55-9a24a7d70efb,,
962,TCGA-49-4494-01Z-00-DX3.e80b4534-4d6e-4d79-962e-017ffee24d67,,
963,TCGA-67-3771-01Z-00-DX1.7B54D132-6AB7-4F2D-8BFF-33AFE83CF204,,
964,TCGA-55-A48Y-01Z-00-DX1.D8735347-E060-439F-B5A1-1E47A958A392,,
965,TCGA-MP-A4SV-01Z-00-DX1.5430F2CF-BE4B-42D6-9CD4-92E6FB3F6E99,,
966,TCGA-49-4494-01Z-00-DX4.4c6a4560-adee-4fc9-8fd8-feb7f89e51e3,,
967,TCGA-05-4430-01Z-00-DX1.95659bbb-3091-4370-bc1d-6c6c1baa7b3d,,
968,TCGA-55-7727-01Z-00-DX1.0c7a4953-16dc-41e0-845b-b89167ec17d7,,
969,TCGA-86-8055-01Z-00-DX1.546dc42e-3742-4da5-8f9b-80732180ce76,,
970,TCGA-55-7910-01Z-00-DX1.041e15d5-4852-49f6-85d9-74b510497651,,
971,TCGA-MP-A4T7-01Z-00-DX1.C74D7A5B-1D1A-423B-85CA-C11E0CCF5873,,
972,TCGA-62-A46V-01Z-00-DX1.631E54D0-9E57-4932-B4EF-81820E56A95B,,
973,C3L-04757-24,,
974,TCGA-05-4384-01Z-00-DX1.CA68BF29-BBE3-4C8E-B48B-554431A9EE13,,
975,TCGA-49-4512-01Z-00-DX7.1f758560-85e2-4cf9-a81a-317536d96bcc,,
976,TCGA-97-A4M5-01Z-00-DX1.283AFBA6-A349-425F-A18E-5CA186084C23,,
977,TCGA-MP-A4TE-01Z-00-DX1.B4680570-FD2E-47A5-8D50-A508CEB6A62C,,
978,TCGA-50-5044-01Z-00-DX1.7E0E651F-411B-4784-B0FA-6EB612527430,,
979,TCGA-05-4434-01Z-00-DX1.f3f5c89c-306f-4876-98fa-f7bd231f2e10,,
980,TCGA-55-7726-01Z-00-DX1.37df197b-d4fb-41c4-ac6a-72dbaa31027b,,
981,TCGA-L9-A50W-01Z-00-DX1.21FAAB58-58EF-4A6A-8F0A-16D9AB9B1056,,
982,TCGA-55-8510-01Z-00-DX1.BB1EAC72-6215-400B-BCBF-E3D51A60182D,,
983,TCGA-75-7025-01Z-00-DX1.284477D7-4F47-4084-A15C-0A7E9571E3DF,,
984,TCGA-97-8175-01Z-00-DX1.f7148cec-5e4b-46ac-b167-d41b36eb3ee5,,
985,TCGA-55-6971-01Z-00-DX1.6c790768-8252-466a-95e1-97d2086a8132,,
986,TCGA-55-8302-01Z-00-DX1.E0C2B152-BBA9-4AA7-9E6B-BD57B68163CB,,
987,TCGA-86-7711-01Z-00-DX1.f64dd9d8-b9ca-4d1f-9783-d1042979132d,,
988,TCGA-95-7043-01Z-00-DX1.AE0FD8AA-9B88-45FE-B247-402BED1285EF,,
989,TCGA-55-7815-01Z-00-DX1.288408e6-f6b3-4de4-a1ce-cb2498d9d46d,,
990,TCGA-62-A470-01Z-00-DX1.3983A979-E756-413C-941A-C8B83AD3BBA7,,
991,TCGA-55-8512-01Z-00-DX1.FD4B9CF5-1955-420E-A955-6D284772D2BE,,
992,TCGA-49-4514-01Z-00-DX2.f1565a36-257d-432e-a84d-47c1d7a0185f,,
993,TCGA-44-2666-01Z-00-DX1.f81a89cf-6033-47ea-9a43-290a5d6a28c1,,
994,TCGA-62-A46S-01Z-00-DX1.7A8A6F38-76EA-4F43-BC03-1C42E6787E33,,
995,TCGA-55-A494-01Z-00-DX1.8C7C4BE0-791A-47CA-B0A8-1935366350E0,,
996,TCGA-86-A4P8-01Z-00-DX1.D65E8855-F7A1-4584-A501-BBFBC61C2DEB,,
997,TCGA-53-7624-01Z-00-DX1.51b4de19-3531-4bcb-b822-fa966480f2ad,,
998,TCGA-38-4626-01Z-00-DX1.142bc018-bd79-4db9-84e2-f83a617ea92a,,
999,TCGA-55-7994-01Z-00-DX1.a0858080-c471-4337-bc57-7af57e9d92d8,,
1000,C3L-04759-25,,
1001,TCGA-44-5644-01Z-00-DX1.7e4edaa7-25c6-49f4-81bc-f50d6c5fac38,,
1002,TCGA-64-5774-01Z-00-DX1.5E3B95EB-BF45-4687-BCF7-AA2A41AA806C,,
1003,TCGA-44-3917-01Z-00-DX1.cf5b5b49-de5e-4f2e-90b4-b138f55560a9,,
1004,TCGA-MP-A4T8-01Z-00-DX1.3ECB340F-66C7-4F64-8E00-463BF82AAD83,,
1005,TCGA-55-7283-01Z-00-DX1.0f716216-0a46-404e-a4d4-5bb6d7e3f0d1,,
1006,TCGA-55-8085-01Z-00-DX1.ff220eba-3515-4d2e-b317-76337dd3d206,,
1007,TCGA-97-A4M1-01Z-00-DX1.1C4B8247-BA3F-4841-BC9D-554F03F7894C,,
1008,TCGA-50-8457-01Z-00-DX1.F4B6ECCE-F22B-43FC-9A08-4366A24A67A4,,
1009,TCGA-49-4488-01Z-00-DX5.6380c697-c81b-48c8-863c-ea1cdd097464,,
1010,TCGA-73-4670-01Z-00-DX1.a92a23d5-01aa-45a2-9f83-4784cd65fd58,,
1011,TCGA-50-6597-01Z-00-DX1.ec7fc0b2-78a1-4384-bddd-e89f02ee5eb6,,
1012,TCGA-75-6206-01Z-00-DX1.63230D94-7015-4247-936D-E7ACD6692AB3,,
1013,TCGA-50-8459-01Z-00-DX1.24D876E7-5265-4C5D-A215-0BAE5450EEF3,,
1014,TCGA-49-AARN-01Z-00-DX1.E13AA041-978E-427D-AFA5-D3180224A03A,,
1015,TCGA-78-8655-01Z-00-DX1.DC81D146-A4A6-411E-A5DC-C0689A8D445F,,
1016,TCGA-64-5815-01Z-00-DX1.1E3600B5-7E83-47BE-AC70-E0C2D623740B,,
1017,TCGA-49-4506-01Z-00-DX1.b13b8ef2-fd06-4309-a767-696a9afeaedd,,
1018,C3L-04759-22,,
1019,TCGA-05-4382-01Z-00-DX1.76b49a4c-dbbb-48b0-b677-6d3037e5ce88,,
1020,TCGA-49-4494-01Z-00-DX7.9f722476-622e-4374-9fda-ef35184f01e0,,
1021,TCGA-67-6215-01Z-00-DX1.c014ffaf-6db8-42ef-a50c-9de98d6a5345,,
1022,TCGA-97-7547-01Z-00-DX1.3563966f-21ee-4405-9106-9e0bf8df9f1a,,
1023,TCGA-49-4494-01Z-00-DX2.cac5ed0a-98c3-4d37-a4f4-9596a061836a,,
1024,TCGA-53-7626-01Z-00-DX1.FD4CAF75-07B5-4117-83DD-99233DAA3EBC,,
1025,TCGA-69-7765-01Z-00-DX1.ac389366-febb-488c-9190-fe00bc07cd20,,
1026,TCGA-69-7973-01Z-00-DX1.aefb015a-cb51-425f-a80f-cd51091a0ee3,,
1027,TCGA-49-6742-01Z-00-DX5.74539ee6-0ac6-4663-89f1-c6a74a59a4cb,,
1028,TCGA-49-6744-01Z-00-DX3.fa64d744-6caa-4f62-8689-33da9c312838,,
1029,TCGA-49-AAR4-01Z-00-DX1.EDB32358-AF23-4F81-A99F-15574A2DE28E,,
1030,TCGA-69-A59K-01Z-00-DX1.01EAF520-9AC1-4ECC-8EF3-B9122924A1E3,,
1031,TCGA-75-7031-01Z-00-DX1.B058D81B-E869-4AEA-8CAC-4B6264FB86A8,,
1032,TCGA-78-7539-01Z-00-DX1.b838d859-2fb7-48d1-a442-d366ac404099,,
1033,TCGA-MP-A4TD-01Z-00-DX1.937DEBC9-F5D5-4682-AA9A-13D8226EE06C,,
1034,TCGA-38-4631-01Z-00-DX1.5e0c873a-9c4c-4e0b-bf2e-e3cd8b760761,,
1035,TCGA-05-5423-01Z-00-DX1.CCCF5FDB-ACAD-4D9D-80DF-556F0D6284AF,,
1036,TCGA-49-6743-01Z-00-DX4.5ea81023-1372-48ed-88a8-374e2394d7f7,,
1037,C3L-02165-22,,
1038,TCGA-S2-AA1A-01Z-00-DX1.4B5D5FAE-8305-4D2D-B245-584589352886,,
1039,TCGA-05-4425-01Z-00-DX1.82B093EE-49BC-4FD9-91AC-4CC89944309D,,
1040,TCGA-49-6743-01Z-00-DX3.d391f3ab-e954-4f4f-996d-cd0420933ccf,,
1041,TCGA-55-8619-01Z-00-DX1.46C7678A-6032-4C95-B535-85C87B92B6ED,,
1042,TCGA-55-8507-01Z-00-DX1.3C6198CF-3E13-4C4C-B851-5BDFF8552621,,
1043,TCGA-35-5375-01Z-00-DX1.10708170-750A-451B-BC10-0B4042540033,,
1044,TCGA-95-A4VN-01Z-00-DX1.B997A80F-C396-40AB-808A-B70EB83A2B74,,
1045,TCGA-05-4422-01Z-00-DX1.4802093f-71ea-43d5-bd92-b4bd7fc8c5bf,,
1046,TCGA-55-8094-01Z-00-DX1.8dc29615-e124-4f17-81a1-c0b20c38d12c,,
1047,TCGA-49-4488-01Z-00-DX10.930e7dc2-6073-4bf2-9b70-f17c0b26bdee,,
1048,TCGA-05-4424-01Z-00-DX1.4892016C-1A96-4A72-ACB8-FFD282FC4E69,,
1049,TCGA-44-A4SS-01Z-00-DX1.F3D85B63-D963-42D2-815F-CB9D791A0F7B,,
1050,TCGA-95-8494-01Z-00-DX1.716299EF-71BB-4095-8F4D-F0C2252CE594,,
1051,TCGA-64-5775-01Z-00-DX1.9A338C1A-CDB6-41AF-B6D5-EDE608B5E3E1,,
1052,TCGA-99-7458-01Z-00-DX1.10ea0b2c-c763-40d1-83a4-3d4ae957fdb0,,
1053,TCGA-38-A44F-01Z-00-DX1.B9958072-D8BB-40DD-B28E-2E83CE2B550B,,
1054,TCGA-73-7499-01Z-00-DX1.81f5c1c1-3d40-4773-a1fb-e1f8eb9f6730,,
1055,TCGA-55-8616-01Z-00-DX1.4F53B2AB-8221-4E67-80D2-7A8E3815B730,,
1056,TCGA-35-3615-01Z-00-DX1.585128eb-6652-4b05-9a83-dc8f242904a6,,
1057,TCGA-50-5068-01Z-00-DX2.0492A5C6-09CB-424B-BE20-10A1CBEA2E57,,
1058,TCGA-91-A4BC-01Z-00-DX1.8D8783B1-D1BA-4970-B77B-3AED8506C487,,
1059,TCGA-69-8255-01Z-00-DX1.75d1666c-c088-405c-80da-52d84b990361,,
1060,TCGA-49-4514-01Z-00-DX1.9c304807-2a0c-44f7-97cc-fbd30f2c740f,,
1061,TCGA-44-6144-01Z-00-DX1.604b3c7c-92e8-474a-bae8-e48415ea6196,,
1062,TCGA-69-7764-01Z-00-DX1.be9fec48-68eb-4c27-a028-5315d7e368e0,,
1063,TCGA-35-4122-01Z-00-DX1.2ac022e4-e796-49e5-9a24-f0ff3f76a527,,
1064,TCGA-97-8171-01Z-00-DX1.a55cbfd1-6674-4206-b3e0-2a4f12a74e5d,,
1065,TCGA-MP-A4TI-01Z-00-DX1.08AB4C0B-F953-41B5-A9BB-7452A8E34A54,,
1066,TCGA-MP-A4TF-01Z-00-DX1.F98B0438-6D32-4EA3-ABA8-E624457EA658,,
1067,TCGA-69-7978-01Z-00-DX1.90a2bf2f-18e2-4bfe-b858-d2de619e2493,,
1068,TCGA-86-8674-01Z-00-DX1.9fcaae4e-4062-45ab-a49d-7dba43040919,,
1069,TCGA-55-8514-01Z-00-DX1.499CF563-B404-4061-9D1A-57954BBE2CE7,,
1070,TCGA-55-6985-01Z-00-DX1.428ad69e-c0ea-445e-8d38-fa2dab6eb81f,,
1071,TCGA-93-A4JQ-01Z-00-DX1.24573112-917C-43E9-B0FD-763C290AA88A,,
1072,TCGA-MP-A4SY-01Z-00-DX1.9535274F-C850-409E-80A1-B933B2F1A110,,
1073,TCGA-55-1592-01Z-00-DX1.ee15e261-2f9c-4a93-a19f-27cb1c3bae15,,
1074,TCGA-55-8614-01Z-00-DX1.043DE2B5-A453-4570-8830-99170450658C,,
1075,TCGA-44-A47A-01Z-00-DX1.62448803-3A7B-41EC-9794-67916DA0792E,,
1076,TCGA-78-7540-01Z-00-DX1.25c29857-0d5f-4e52-be0c-32c6686b653f,,
1077,TCGA-L9-A7SV-01Z-00-DX1.153B8E2D-54CE-4747-A22E-7A6ADCA03DB5,,
1078,C3N-00180-22,,
1079,TCGA-55-6987-01Z-00-DX1.0c52b721-2209-4818-af8f-b22d37e6e81e,,
1080,TCGA-97-7553-01Z-00-DX1.e31eec5e-0053-407a-b057-9b87555b122d,,
1081,TCGA-55-1596-01Z-00-DX1.de65522d-92ab-408e-9b7e-24210d386b97,,
1082,TCGA-NJ-A55R-01Z-00-DX1.2E2B3642-4E1C-47DB-AF7B-988D586C0986,,
1083,TCGA-05-4245-01Z-00-DX1.36ff5403-d4bb-4415-b2c5-7c750d655cde,,
1084,TCGA-MP-A4T9-01Z-00-DX1.F7B341C4-EBCD-455F-BE90-3B77AC6B76EC,,
1085,TCGA-78-7148-01Z-00-DX1.aac94f79-77f2-45e6-b0c3-0b103fecbb22,,
1086,TCGA-93-A4JO-01Z-00-DX1.314C53B6-603C-402B-8CF7-E3CE851A0A0F,,
1087,C3N-00180-21,,
1088,TCGA-44-5643-01Z-00-DX1.83fb7631-0ecb-4473-bfb2-c8daa2f87d35,,
1089,TCGA-86-A4D0-01Z-00-DX1.165461AD-A8DA-4B7B-87CE-F5DBDBD2C0A7,,
1090,TCGA-86-8054-01Z-00-DX1.2c4c08f6-be1c-46d1-a719-5983cade0c54,,
1091,TCGA-64-5779-01Z-00-DX1.B3268447-DCE0-4927-B5A9-EC4D61E9B17D,,
1092,TCGA-05-4433-01Z-00-DX1.5843D3CC-CB24-4A0A-BB65-78A5DAA11D84,,
1093,TCGA-75-5122-01Z-00-DX1.627FD712-3881-44CC-83E0-6C4DFC6C88C1,,
1094,TCGA-55-8513-01Z-00-DX1.E21776FE-DF49-48D1-90D6-6F71D0764492,,
1095,TCGA-49-4490-01Z-00-DX4.4e94aeb6-f616-4bdd-82bc-2ca2f2b5a5c4,,
1096,TCGA-75-6205-01Z-00-DX1.B75BC6BA-5196-4F62-BDA2-3F1D320ABD7C,,
1097,C3N-00180-23,,
1098,TCGA-55-7573-01Z-00-DX1.43a4bbd2-6a3b-4910-9356-2d750a736817,,
1099,TCGA-49-4514-01Z-00-DX3.3b247c08-3069-4100-9df4-734895adb954,,
1100,TCGA-71-6725-01Z-00-DX1.b9e1d4aa-439d-481f-b24b-134c4e470f28,,
1101,TCGA-64-1679-01Z-00-DX1.f9fd24ef-d51c-4530-9fb5-e8a8f09dba73,,
1102,TCGA-78-8648-01Z-00-DX1.D3EAEF8E-E739-490F-BF48-A4796B0C0E7A,,
1103,TCGA-55-8091-01Z-00-DX1.0996c58a-6e93-4092-8cb8-014d548fe60c,,
1104,TCGA-44-6778-01Z-00-DX1.5e932267-cc68-4a8e-a660-fe2cc0c59ff4,,
1105,TCGA-99-8028-01Z-00-DX1.23de89b1-67f8-41fb-980a-010ea190d687,,
1106,TCGA-49-4505-01Z-00-DX3.d3f8d0c4-e4bc-4201-9b2f-e010f51dd8c3,,
1107,TCGA-49-4512-01Z-00-DX1.ced0bda8-f2d6-4bcb-b2d6-b122846a3079,,
1108,TCGA-50-5942-01Z-00-DX1.da1b1274-8740-4c79-adf9-25800913eafa,,
1109,TCGA-49-4494-01Z-00-DX1.2bf10e85-465a-4b17-abd7-3565f0e538a5,,
1110,TCGA-49-6745-01Z-00-DX4.48b4bbb5-4214-4bfb-91e8-bddfa2f03c92,,
1111,TCGA-O1-A52J-01Z-00-DX1.26F6ECCA-D614-4950-98E6-4D76E82F71B4,,
1112,TCGA-49-6744-01Z-00-DX2.1982e585-65a4-4330-9140-ccabcdd106f8,,
1113,TCGA-73-4675-01Z-00-DX1.1027587f-8ec4-4b8c-8768-ff7b669683e0,,
1114,C3N-01022-22,,
1115,C3N-00180-24,,
1116,C3L-02165-23,,
1117,C3L-02169-22,,
1118,C3N-00175-22,,
1119,C3N-00175-21,,
1120,C3N-00175-24,,
1121,C3N-01022-23,,
1122,C3N-00175-23,,
1123,C3N-00169-23,,
1124,C3N-00169-22,,
1125,C3N-00169-21,,
1126,C3L-02169-23,,
1127,C3L-00444-21,,
1128,C3L-04759-23,,
1129,C3N-00167-21,,
1130,C3L-04759-24,,
1131,C3N-00167-23,,
1132,C3L-04365-21,,
1133,C3N-02251-27,,
1134,C3N-02158-22,,
1135,C3N-02088-22,,
1136,C3N-02088-21,,
1137,C3N-02729-22,,
1138,C3N-02090-23,,
1139,C3N-02090-22,,
1140,C3N-02090-21,,
1141,C3N-02141-24,,
1142,C3N-02141-21,,
1143,C3N-02141-22,,
1144,C3N-02141-23,,
1145,C3N-02142-24,,
1146,C3L-04040-23,,
1147,C3N-02143-21,,
1148,C3N-02143-22,,
1149,C3L-04040-22,,
1150,C3N-02143-23,,
1151,C3L-04040-21,,
1152,C3N-02143-24,,
1153,C3L-04040-24,,
1154,C3N-02144-24,,
1155,C3N-02144-21,,
1156,C3L-04040-25,,
1157,C3N-02146-24,,
1158,C3N-02146-21,,
1159,C3L-04365-22,,
1160,C3N-02146-22,,
1161,C3N-02146-23,,
1162,C3L-04037-22,,
1163,C3L-04037-24,,
1164,C3L-04037-23,,
1165,C3N-00433-25,,
1166,C3L-04037-21,,
1167,C3L-04365-25,,
1168,C3N-02150-24,,
1169,C3N-02150-23,,
1170,C3N-02150-22,,
1171,C3L-00446-21,,
1172,C3N-02152-22,,
1173,C3N-00433-21,,
1174,C3N-02152-23,,
1175,C3N-02153-21,,
1176,C3N-02153-22,,
1177,C3N-02153-24,,
1178,C3N-02153-23,,
1179,C3N-00433-22,,
1180,C3N-00433-23,,
1181,C3L-04033-23,,
1182,C3L-04033-21,,
1183,C3L-04031-24,,
1184,C3N-02192-24,,
1185,C3L-04033-24,,
1186,C3L-04033-25,,
1187,C3N-02192-21,,
1188,C3N-02192-22,,
1189,C3N-02193-25,,
1190,C3L-04031-22,,
1191,C3L-04031-23,,
1192,C3N-02193-23,,
1193,C3N-02193-22,,
1194,C3N-02230-22,,
1195,C3N-02230-23,,
1196,C3L-00444-23,,
1197,C3N-02234-23,,
1198,C3N-02234-22,,
1199,C3N-02237-24,,
1200,C3N-02237-23,,
1201,C3N-02240-24,,
1202,C3N-02240-22,,
1203,C3N-02240-23,,
1204,C3N-02242-24,,
1205,C3N-02240-21,,
1206,C3L-04031-25,,
1207,C3N-02242-21,,
1208,C3N-02242-23,,
1209,C3N-02158-23,,
1210,C3N-02158-21,,
1211,C3L-03984-23,,
1212,C3N-02155-24,,
1213,C3N-02155-23,,
1214,C3N-02155-22,,
1215,C3N-02149-21,,
1216,C3N-02149-22,,
1217,C3L-00446-22,,
1218,C3N-02145-23,,
1219,C3N-02145-22,,
1220,C3N-02145-21,,
1221,C3N-02282-25,,
1222,C3N-02281-23,,
1223,C3L-03985-23,,
1224,C3L-03985-24,,
1225,C3N-02290-22,,
1226,C3N-02290-21,,
1227,C3N-02281-22,,
1228,C3N-02145-24,,
1229,C3N-02089-24,,
1230,C3N-02087-23,,
1231,C3N-02087-22,,
1232,C3N-02588-22,,
1233,C3N-02087-21,,
1234,C3N-02087-24,,
1235,C3N-02067-22,,
1236,C3N-02451-23,,
1237,C3N-02451-21,,
1238,C3N-02451-22,,
1239,C3N-02588-21,,
1240,C3N-02003-21,,
1241,C3N-02000-23,,
1242,C3N-02003-22,,
1243,C3N-02002-23,,
1244,C3N-02000-21,,
1245,C3N-02729-21,,
1246,C3N-02672-21,,
1247,C3N-02672-22,,
1248,C3N-02715-22,,
1249,C3N-02718-23,,
1250,C3N-02715-23,,
1251,C3N-02721-23,,
1252,C3N-02721-21,,
1253,C3N-02587-21,,
1254,C3N-02715-21,,
1255,C3N-02721-22,,
1256,C3N-02718-21,,
1257,C3N-02728-23,,
1258,C3N-02757-21,,
1259,C3N-02728-21,,
1260,C3N-02586-22,,
1261,C3N-02758-21,,
1262,C3N-02758-22,,
1263,C3L-02513-23,,
1264,C3N-02828-24,,
1265,C3N-02586-21,,
1266,C3N-02764-22,,
1267,C3N-02828-22,,
1268,C3N-02828-23,,
1269,C3L-03985-22,,
1270,C3N-02587-22,,
1271,C3N-02764-23,,
1272,C3N-02916-24,,
1273,C3L-03984-24,,
1274,C3L-03984-22,,
1275,C3N-02916-21,,
1276,C3N-02919-21,,
1277,C3N-02916-23,,
1278,C3N-02919-24,,
1279,C3N-02919-22,,
1280,C3N-02920-24,,
1281,C3N-02919-23,,
1282,C3N-00545-22,,
1283,C3N-00545-21,,
1284,C3N-00545-24,,
1285,C3N-00545-23,,
1286,C3N-00546-22,,
1287,C3N-02920-22,,
1288,C3N-02920-23,,
1289,C3N-02922-24,,
1290,C3N-00294-24,,
1291,C3N-02922-21,,
1292,C3N-02923-24,,
1293,C3N-00546-24,,
1294,C3N-00546-23,,
1295,C3N-00294-23,,
1296,C3N-00546-21,,
1297,C3N-02922-22,,
1298,C3N-02922-23,,
1299,C3N-02926-22,,
1300,C3N-02582-22,,
1301,C3N-02923-21,,
1302,C3N-02928-22,,
1303,C3N-02929-21,,
1304,C3N-02929-22,,
1305,C3L-02513-21,,
1306,C3L-02513-22,,
1307,C3N-01019-23,,
1308,C3N-00294-21,,
1309,C3N-00547-24,,
1310,C3N-02948-21,,
1311,C3N-02948-23,,
1312,C3N-02948-22,,
1313,C3N-02582-21,,
1314,C3N-00547-21,,
1315,C3N-00547-23,,
1316,C3N-00547-22,,
1317,C3N-00549-22,,
1318,C3N-00549-23,,
1319,C3N-00294-22,,
1320,C3N-02950-22,,
1321,C3N-02973-21,,
1322,C3N-00549-21,,
1323,C3N-00550-24,,
1324,C3N-00550-22,,
1325,C3N-02973-23,,
1326,C3N-00550-21,,
1327,C3N-02973-22,,
1328,C3L-02515-23,,
1329,C3N-00551-24,,
1330,C3N-00551-21,,
1331,C3N-00551-22,,
1332,C3N-00551-23,,
1333,C3L-02515-22,,
1334,C3N-03052-22,,
1335,C3N-00293-23,,
1336,C3N-03054-22,,
1337,C3N-03063-22,,
1338,C3N-03063-21,,
1339,C3N-03073-22,,
1340,C3N-03057-21,,
1341,C3N-03057-22,,
1342,C3N-00293-22,,
1343,C3N-03073-21,,
1344,C3N-03074-21,,
1345,C3N-03080-21,,
1346,C3N-03080-22,,
1347,C3N-03074-22,,
1348,C3N-03202-21,,
1349,C3N-00293-21,,
1350,C3N-03205-22,,
1351,C3N-03202-22,,
1352,C3N-03205-21,,
1353,C3N-03210-21,,
1354,C3N-03212-22,,
1355,C3N-03212-21,,
1356,C3N-03222-23,,
1357,C3N-03222-21,,
1358,C3N-03222-22,,
1359,C3N-03225-21,,
1360,C3N-03225-23,,
1361,C3N-03233-23,,
1362,C3N-03233-22,,
1363,C3N-03233-21,,
1364,C3N-03238-21,,
1365,C3N-03238-22,,
1366,C3N-03238-23,,
1367,C3N-03420-21,,
1368,C3N-01842-23,,
1369,C3N-03420-22,,
1370,C3N-01842-21,,
1371,C3N-01019-21,,
1372,C3N-03764-22,,
1373,C3N-01842-22,,
1374,C3N-00552-23,,
1375,C3N-00552-24,,
1376,C3N-00552-21,,
1377,C3N-03911-23,,
1378,C3N-03911-22,,
1379,C3N-03921-22,,
1380,C3N-00556-23,,
1381,C3N-03929-23,,
1382,C3N-03929-22,,
1383,C3N-01408-21,,
1384,C3N-04157-21,,
1385,C3N-04157-23,,
1386,C3N-04157-22,,
1387,C3N-00556-21,,
1388,C3N-04168-23,,
1389,C3N-00556-22,,
1390,C3N-00556-24,,
1391,C3N-02572-22,,
1392,C3N-00559-23,,
1393,C3N-00559-24,,
1394,C3N-00560-23,,
1395,C3N-00560-24,,
1396,C3N-00572-23,,
1397,C3N-00572-22,,
1398,C3N-00572-24,,
1399,C3L-03984-21,,
1400,C3N-04168-21,,
1401,C3N-00574-22,,
1402,C3N-00574-23,,
1403,C3N-00574-21,,
1404,C3N-04382-22,,
1405,C3N-04382-21,,
1406,C3N-04173-21,,
1407,C3N-04176-27,,
1408,C3L-00001-21,,
1409,C3N-01409-22,,
1410,C3N-01823-21,,
1411,C3L-00009-21,,
1412,C3N-00574-24,,
1413,C3L-00080-21,,
1414,C3N-01409-24,,
1415,C3L-00093-21,,
1416,C3L-00094-21,,
1417,C3L-00095-22,,
1418,C3L-00095-21,,
1419,C3L-04365-23,,
1420,C3L-03976-22,,
1421,C3L-02559-21,,
1422,C3L-02560-22,,
1423,C3N-00578-22,,
1424,C3N-00578-23,,
1425,C3N-01409-21,,
1426,C3N-00578-24,,
1427,C3L-02560-21,,
1428,C3L-02601-21,,
1429,C3N-00579-23,,
1430,C3N-01799-22,,
1431,C3N-01799-21,,
1432,C3L-00140-21,,
1433,C3L-00140-22,,
1434,C3L-00144-21,,
1435,C3L-02616-24,,
1436,C3L-00263-25,,
1437,C3N-01417-21,,
1438,C3L-00263-24,,
1439,C3L-00263-23,,
1440,C3L-00263-21,,
1441,C3L-00263-22,,
1442,C3N-00579-22,,
1443,C3N-00579-21,,
1444,C3L-02616-22,,
1445,C3L-02616-21,,
1446,C3N-00580-21,,
1447,C3L-00279-23,,
1448,C3N-01417-24,,
1449,C3L-00279-22,,
1450,C3L-03271-22,,
1451,C3L-03271-23,,
1452,C3L-02616-25,,
1453,C3L-03271-21,,
1454,C3N-01417-22,,
1455,C3L-00368-21,,
1456,C3N-00580-24,,
1457,C3L-03976-24,,
1458,C3N-00580-23,,
1459,C3L-03976-21,,
1460,C3L-03969-23,,
1461,C3L-00368-22,,
1462,C3L-00412-21,,
1463,C3L-02643-22,,
1464,C3L-02643-24,,
1465,C3L-02643-21,,
1466,C3L-02643-23,,
1467,C3L-00422-23,,
1468,C3L-00422-21,,
1469,C3L-02654-25,,
1470,C3L-00510-22,,
1471,C3L-02654-24,,
1472,C3L-00510-21,,
1473,C3L-02654-21,,
1474,C3N-01019-24,,
1475,C3N-00223-23,,
1476,C3L-02661-22,,
1477,C3L-02661-24,,
1478,C3L-02661-25,,
1479,C3L-02661-23,,
1480,C3L-00604-22,,
1481,C3L-00604-21,,
1482,C3L-00604-23,,
1483,C3N-00704-22,,
1484,C3N-00704-21,,
1485,C3L-03969-24,,
1486,C3L-03969-21,,
1487,C3L-03969-22,,
1488,C3N-00223-22,,
1489,C3N-00737-23,,
1490,C3N-01416-23,,
1491,C3N-01489-23,,
1492,C3N-01488-22,,
1493,C3N-01489-22,,
1494,C3N-01489-21,,
1495,C3N-01489-24,,
1496,C3N-01416-22,,
1497,C3N-01488-23,,
1498,C3N-01488-24,,
1499,C3N-01416-24,,
1500,C3N-01488-21,,
1501,C3N-01416-21,,
1502,C3L-02834-23,,
1503,C3N-00223-21,,
1504,C3N-00737-21,,
1505,C3N-00737-22,,
1506,C3N-00738-22,,
1507,C3N-00738-21,,
1508,C3N-00223-24,,
1509,C3N-01415-23,,
1510,C3N-01415-21,,
1511,C3N-01415-24,,
1512,C3N-01415-22,,
1513,C3N-01414-23,,
1514,C3L-00893-21,,
1515,C3L-00893-23,,
1516,C3L-02834-21,,
1517,C3N-01414-21,,
1518,C3N-01414-24,,
1519,C3L-02893-22,,
1520,C3L-00913-22,,
1521,C3L-00913-23,,
1522,C3N-00223-25,,
1523,C3N-01413-22,,
1524,C3N-01413-23,,
1525,C3N-01413-21,,
1526,C3N-01410-23,,
1527,C3N-01410-22,,
1528,C3N-01410-21,,
1529,C3N-01410-24,,
1530,C3N-01405-22,,
1531,C3N-01405-21,,
1532,C3N-01405-24,,
1533,C3L-00973-22,,
1534,C3L-00973-25,,
1535,C3L-00973-21,,
1536,C3L-00973-24,,
1537,C3L-02957-23,,
1538,C3N-02529-22,,
1539,C3L-02958-21,,
1540,C3L-02961-21,,
1541,C3L-03262-21,,
1542,C3N-01419-21,,
1543,C3L-03262-22,,
1544,C3L-03268-22,,
1545,C3L-03268-21,,
1546,C3N-01074-22,,
1547,C3N-01074-21,,
1548,C3N-01419-22,,
1549,C3N-01074-23,,
1550,C3L-01330-21,,
1551,C3L-01330-23,,
1552,C3L-01330-22,,
1553,C3L-03462-24,,
1554,C3N-01072-21,,
1555,C3N-01072-24,,
1556,C3N-01072-22,,
1557,C3N-01072-23,,
1558,C3L-03462-23,,
1559,C3L-03463-27,,
1560,C3N-01071-22,,
1561,C3N-01071-23,,
1562,C3N-01071-24,,
1563,C3N-01030-24,,
1564,C3N-01071-21,,
1565,C3N-01030-21,,
1566,C3L-01632-22,,
1567,C3L-01632-23,,
1568,C3N-01030-22,,
1569,C3N-01030-23,,
1570,C3L-01682-23,,
1571,C3L-01682-21,,
1572,C3L-01683-27,,
1573,C3N-01024-21,,
1574,C3N-01024-23,,
1575,C3N-02433-21,,
1576,C3N-01024-22,,
1577,C3N-01023-23,,
1578,C3N-01023-24,,
1579,C3L-01862-21,,
1580,C3L-03679-22,,
1581,C3L-01862-23,,
1582,C3L-03642-21,,
1583,C3L-03721-21,,
1584,C3L-01889-21,,
1585,C3N-01021-22,,
1586,H005_P2_D6_S1(NQ)_HE_(3)_20X_Reg_Anno,,
1587,H012_P1_D6_S1(NQ)_HE_(3)_20X_Reg_Anno,,
1588,H005_P2_D6_S1(NQ)_HE_(2)_20X_Reg_Anno,,
1589,H012_P1_D6_S1(NQ)_HE_(2)_20X_Reg_Anno,,